datetime, Max, Min, Average
11/01/2016 00, 35.2000007629, 29.1000003815, 31.683333396916666, 
11/01/2016 01, 42.5999984741, 29.1000003815, 32.2833331426, 
11/01/2016 02, 36.5, 31.2999992371, 33.11666615803333, 
11/01/2016 03, 49.7999992371, 37.7999992371, 43.94999949138333, 
11/01/2016 04, 40.9000015259, 36.0999984741, 38.75, 
11/01/2016 05, 50.7000007629, 36.2000007629, 42.900000890083334, 
11/01/2016 06, 127.599998474, 60.9000015259, 77.57999954222001, 
11/01/2016 07, 66.6999969482, 54.7999992371, 58.26666641235, 
11/01/2016 08, 85.6999969482, 71, 80.21666590371667, 
11/01/2016 09, 84.6999969482, 60.7999992371, 72.18333244323334, 
11/01/2016 10, 60.2000007629, 42.9000015259, 48.13333384195, 
11/01/2016 11, 59.5, 14.6000003815, 37.73333326978333, 
11/01/2016 12, 24, 17, 19.816666920983334, 
11/01/2016 13, 20.2999992371, 17.8999996185, 18.983333269733333, 
11/01/2016 14, 18.5, 14, 15.849999904633334, 
11/01/2016 15, 21.3999996185, 13.5, 18.7499996821, 
11/01/2016 16, 25.5, 18.7999992371, 21.300000190733332, 
11/01/2016 17, 23.6000003815, 19.5, 21.249999682116666, 
11/01/2016 18, 36.7000007629, 26.7000007629, 31.98333390551667, 
11/01/2016 19, 80.6999969482, 46.7000007629, 61.29999987285, 
11/01/2016 20, 64, 56, 60.48333358765, 
11/01/2016 21, 51.7999992371, 26.2000007629, 37.833333969116666, 
11/01/2016 22, 26.8999996185, 20.7000007629, 23.850000063566668, 
11/01/2016 23, 54.2000007629, 22.7000007629, 30.1500002543, 
11/02/2016 00, 30.5, 20.7999992371, 24.233333269766664, 
11/02/2016 01, 21.3999996185, 19.1000003815, 19.75, 
11/02/2016 02, 20.8999996185, 17.7000007629, 19.483333269733336, 
11/02/2016 03, 25, 17.1000003815, 20.15000025431667, 
11/02/2016 04, 27.7000007629, 19.5, 22.483333587649998, 
11/02/2016 05, 37.7999992371, 26.5, 30.916666348783334, 
11/02/2016 06, 77.5999984741, 46, 56.94999949136667, 
11/02/2016 07, 61.5999984741, 40.2000007629, 48.41666666665, 
11/02/2016 08, 65.9000015259, 50.5999984741, 57.18333307901667, 
11/02/2016 09, 54.0999984741, 46, 50.49999936423333, 
11/02/2016 10, 43.2000007629, 37.2000007629, 40.566666920950006, 
11/02/2016 11, 34.7000007629, 14.8999996185, 23.6166671117, 
11/02/2016 12, 16.7999992371, 11.3000001907, 13.666666348766668, 
11/02/2016 13, 14.8999996185, 8.60000038147, 12.40000009536167, 
11/02/2016 14, 27.1000003815, 11, 15.733333587633332, 
11/02/2016 15, 25.7999992371, 16.6000003815, 19.7166668574, 
11/02/2016 16, 18.7999992371, 14.3000001907, 16.75, 
11/02/2016 17, 39.4000015259, 16.7000007629, 23.133333841966664, 
11/02/2016 18, 29.2999992371, 20.8999996185, 24.999999682116666, 
11/02/2016 19, 60.2999992371, 25.3999996185, 42.18333307903333, 
11/02/2016 20, 58.5, 44.4000015259, 52.033333460499996, 
11/02/2016 21, 45.2000007629, 16.6000003815, 28.9666668574, 
11/02/2016 22, 40.0999984741, 25.2999992371, 33.933332761133336, 
11/02/2016 23, 39.7999992371, 23.6000003815, 30.983333587666667, 
11/03/2016 00, 37.0999984741, 25.2999992371, 31.1333325704, 
11/03/2016 01, 43.4000015259, 32.5999984741, 36.416666030883334, 
11/03/2016 02, 26.7000007629, 23.1000003815, 25.38333384195, 
11/03/2016 03, 26.1000003815, 22.8999996185, 24.600000063566668, 
11/03/2016 04, 36.7999992371, 25.1000003815, 31.07999992374, 
11/03/2016 05, 54.2000007629, 31.2000007629, 42.033334096266664, 
11/03/2016 06, 167.800003052, 58.2999992371, 103.18333498646666, 
11/03/2016 07, 80.1999969482, 55.2999992371, 66.64999898273334, 
11/03/2016 08, 67.9000015259, 56.5, 62.283333460483334, 
11/03/2016 09, 60.0999984741, 33.5, 48.16666603086667, 
11/03/2016 10, 40, 28.8999996185, 32.583333333316666, 
11/03/2016 11, 19.3999996185, 13.8999996185, 16.316666444133336, 
11/03/2016 12, 18.1000003815, 12.8999996185, 14.866666475916666, 
11/03/2016 13, 13, 9.30000019073, 11.66666666666, 
11/03/2016 14, 28.8999996185, 20.2999992371, 24.7833331426, 
11/03/2016 15, 24.2999992371, 17.2999992371, 20.159999847420004, 
11/03/2016 16, 22.8999996185, 16.3999996185, 19.766666412366664, 
11/03/2016 17, 41.2000007629, 24.5, 34.03333346046667, 
11/03/2016 18, 60, 20.3999996185, 33.73333326975, 
11/03/2016 19, 80.3000030518, 56.2000007629, 64.16666730245, 
11/03/2016 20, 63.2000007629, 52.2999992371, 56.150000254316666, 
11/03/2016 21, 48, 36.4000015259, 42.83333396913333, 
11/03/2016 22, 44.9000015259, 36.0999984741, 40.600000381466664, 
11/03/2016 23, 55.2000007629, 33.2000007629, 43.73333358763333, 
11/04/2016 00, 39.5, 30.7000007629, 34.716666539500004, 
11/04/2016 01, 47.4000015259, 22.2000007629, 31.600000699366664, 
11/04/2016 02, 23.7000007629, 13.8000001907, 18.816667079916666, 
11/04/2016 03, 23.2999992371, 13.1999998093, 17.0500000318, 
11/04/2016 04, 27, 19.2000007629, 23.533333460483334, 
11/04/2016 05, 54.4000015259, 28.6000003815, 42.70000044506667, 
11/04/2016 06, 429.700012207, 72.9000015259, 144.85000356039998, 
11/04/2016 07, 97.9000015259, 57.4000015259, 78.81666819256667, 
11/04/2016 08, 75.5999984741, 70.8000030518, 72.81666692098334, 
11/04/2016 09, 81.9000015259, 63.2000007629, 71.14999961851667, 
11/04/2016 10, 56.5999984741, 34.9000015259, 45.716667175283334, 
11/04/2016 11, 37.2000007629, 25.8999996185, 32.48333358763333, 
11/04/2016 12, 26.7999992371, 17, 23.933333079033332, 
11/04/2016 13, 27.8999996185, 17.3999996185, 23.06666660306667, 
11/04/2016 14, 22.2999992371, 15.8000001907, 18.649999777483334, 
11/04/2016 15, 19.8999996185, 13.6999998093, 17.4833334287, 
11/04/2016 16, 26.5, 19.5, 22.399999618533332, 
11/04/2016 17, 52.2000007629, 31.6000003815, 39.983333905533335, 
11/04/2016 18, 97.1999969482, 46.9000015259, 64.73333295185, 
11/04/2016 19, 81.1999969482, 66.0999984741, 73.78333155311667, 
11/04/2016 20, 73.1999969482, 41.7999992371, 55.566665649399994, 
11/04/2016 21, 67.4000015259, 36.5999984741, 48.333333333333336, 
11/04/2016 22, 50, 32.9000015259, 42.01666704815, 
11/04/2016 23, 50.7000007629, 40.7000007629, 44.833333969116666, 
11/05/2016 00, 42.2000007629, 28.3999996185, 33.03333314258334, 
11/05/2016 01, 39.4000015259, 29.3999996185, 34.449999809266664, 
11/05/2016 02, 44.0999984741, 24.6000003815, 37.2499996821, 
11/05/2016 03, 31.8999996185, 22.5, 27.399999936400004, 
11/05/2016 04, 44.5, 32.9000015259, 37.266667048133336, 
11/05/2016 05, 58.2999992371, 41.7999992371, 47.56666628521666, 
11/05/2016 06, 124, 62.2000007629, 88.43333244325, 
11/05/2016 07, 85.9000015259, 55.5999984741, 71.18333307901666, 
11/05/2016 08, 76.5999984741, 63.9000015259, 70.06666692098334, 
11/05/2016 09, 99.0999984741, 68.0999984741, 82.25, 
11/05/2016 10, 60.0999984741, 50.4000015259, 55.56666692098333, 
11/05/2016 11, 42.2999992371, 16.7000007629, 27.3166662852, 
11/05/2016 12, 17.7999992371, 10.5, 14.583333333316668, 
11/05/2016 13, 14.1000003815, 9.89999961853, 12.100000063571668, 
11/05/2016 14, 17.6000003815, 11.3999996185, 14.183333396899998, 
11/05/2016 15, 18, 14.1999998093, 15.816666603083334, 
11/05/2016 16, 28.2000007629, 17, 21.0333334605, 
11/05/2016 17, 35.7999992371, 20.7999992371, 28.4499998093, 
11/05/2016 18, 64, 32.0999984741, 49.18333307901667, 
11/05/2016 19, 74.9000015259, 44.5, 59.20000012716667, 
11/05/2016 20, 80.5999984741, 64.6999969482, 70.01666641235, 
11/05/2016 21, 75.6999969482, 47.7999992371, 66.5999991099, 
11/05/2016 22, 43.0999984741, 31.1000003815, 35.566666603083334, 
11/05/2016 23, 40.7999992371, 32.9000015259, 37.016667048133336, 
11/06/2016 00, 47.7000007629, 35.2999992371, 43.79999987285, 
11/06/2016 01, 35.5, 30.7000007629, 33.016666412333336, 
11/06/2016 02, 30.2000007629, 24.7999992371, 28.149999936433332, 
11/06/2016 03, 32.5999984741, 23.6000003815, 28.483333269750002, 
11/06/2016 04, 44.4000015259, 29.5, 35.116667111716666, 
11/06/2016 05, 60, 43.9000015259, 50.01666704815, 
11/06/2016 06, 65.5, 37.9000015259, 51.01666641236667, 
11/06/2016 07, 86.5999984741, 51.5999984741, 72.91666539508334, 
11/06/2016 08, 105.099998474, 63.7999992371, 81.16666730248333, 
11/06/2016 09, 79, 50.2999992371, 63.38333320618333, 
11/06/2016 10, 54.5999984741, 37.0999984741, 48.39999961851666, 
11/06/2016 11, 33.2999992371, 24.7999992371, 30.499999682133332, 
11/06/2016 12, 23.6000003815, 15.1000003815, 20.5333334605, 
11/06/2016 13, 29.2000007629, 17.1000003815, 22.633333841933336, 
11/06/2016 14, 32.2000007629, 15.8000001907, 24.750000476816666, 
11/06/2016 15, 33.9000015259, 22.2000007629, 26.583333651216666, 
11/06/2016 16, 39.5999984741, 30.8999996185, 36.166666348750006, 
11/06/2016 17, 41.5999984741, 31.2000007629, 36.06666660306667, 
11/06/2016 18, 36.7000007629, 28.7000007629, 34.00000063576666, 
11/06/2016 19, 66.9000015259, 35.7000007629, 48.3666674296, 
11/06/2016 20, 77.4000015259, 53.0999984741, 63.083332697533336, 
11/06/2016 21, 71.0999984741, 53.2000007629, 62.03333346050001, 
11/06/2016 22, 50.0999984741, 34, 41.01666641235, 
11/06/2016 23, 45.2000007629, 28, 33.75, 
11/07/2016 00, 34.7000007629, 24.7999992371, 29, 
11/07/2016 01, 36.2000007629, 34.0999984741, 35.29999987283333, 
11/07/2016 02, 50.0999984741, 36.7999992371, 41.94999949138333, 
11/07/2016 03, 45, 40.0999984741, 41.66666603088333, 
11/07/2016 04, 43.7000007629, 36.5, 40.150000254316666, 
11/07/2016 05, 65.4000015259, 53.0999984741, 60.533333460483334, 
11/07/2016 06, 109.199996948, 66.0999984741, 85.616666158, 
11/07/2016 07, 91.5, 68.9000015259, 83.58333206175, 
11/07/2016 08, 94.9000015259, 88.5999984741, 92.43333307901666, 
11/07/2016 09, 90.5, 77.3000030518, 85.81666692098334, 
11/07/2016 10, 76.5, 57.2999992371, 68.04999987285, 
11/07/2016 11, 55.5999984741, 42.9000015259, 49.43333307901667, 
11/07/2016 12, 48.5999984741, 26.7000007629, 38.78333346046667, 
11/07/2016 13, 27.1000003815, 18.2999992371, 22.099999745683334, 
11/07/2016 14, 27, 17, 21.0333331426, 
11/07/2016 15, 30.8999996185, 23.8999996185, 25.949999809250002, 
11/07/2016 16, 35.0999984741, 22.5, 28.799999554966664, 
11/07/2016 17, 43.4000015259, 28.1000003815, 36.2833337784, 
11/07/2016 18, 47.7999992371, 31.3999996185, 38.29999955495, 
11/07/2016 19, 63.9000015259, 33.5999984741, 51.40000025433333, 
11/07/2016 20, 95.9000015259, 70.5999984741, 80.40000025431667, 
11/07/2016 21, 95, 61.7999992371, 75.8499991099, 
11/07/2016 22, 70.1999969482, 48.5999984741, 57.74999936421667, 
11/07/2016 23, 49.0999984741, 36.0999984741, 41.599999745683334, 
11/08/2016 00, 49.4000015259, 35.2999992371, 43.9333337148, 
11/08/2016 01, 53.2000007629, 46, 49.38333320616667, 
11/08/2016 02, 54.7000007629, 39.7000007629, 45.4333337148, 
11/08/2016 03, 46.0999984741, 39.9000015259, 42.966666539516666, 
11/08/2016 04, 46.7999992371, 36.4000015259, 41.15000025433333, 
11/08/2016 05, 64.9000015259, 38.7999992371, 54.20000012718333, 
11/08/2016 06, 88.3000030518, 64.8000030518, 74.18333307901666, 
11/08/2016 07, 90.4000015259, 68.5, 80.2166671753, 
11/08/2016 08, 92.8000030518, 87.3000030518, 90.05000050863333, 
11/08/2016 09, 90.9000015259, 80.4000015259, 84.38333511354999, 
11/08/2016 10, 99.1999969482, 57.2000007629, 75.91666603086666, 
11/08/2016 11, 51.5, 25.2999992371, 39.06666692096667, 
11/08/2016 12, 41.9000015259, 37.2999992371, 39.983333587666664, 
11/08/2016 13, 37.2999992371, 24.2999992371, 29.649999618549998, 
11/08/2016 14, 108.800003052, 23.2000007629, 38.783334096316665, 
11/08/2016 15, 28.1000003815, 20.7999992371, 24.3499997457, 
11/08/2016 16, 34.0999984741, 25.3999996185, 29.3499994278, 
11/08/2016 17, 42.9000015259, 28.6000003815, 34.933333396916666, 
11/08/2016 18, 46.5999984741, 36.2000007629, 41.983332951866664, 
11/08/2016 19, 46.9000015259, 37.2000007629, 41.766667048116666, 
11/08/2016 20, 93.9000015259, 50.5, 67.68333371481667, 
11/08/2016 21, 95, 62.7000007629, 74.64999961851667, 
11/08/2016 22, 64.8000030518, 51.7000007629, 59.18333371480001, 
11/08/2016 23, 43.7999992371, 30.7000007629, 34.06666692096667, 
11/09/2016 00, 45, 33.5999984741, 37.799999237066665, 
11/09/2016 01, 41.2999992371, 37.2000007629, 39.283333460499996, 
11/09/2016 02, 54.2999992371, 35.7999992371, 43.26666641235, 
11/09/2016 03, 56.5999984741, 43.4000015259, 48.48333358763333, 
11/09/2016 04, 43.5999984741, 37.7000007629, 39.88333320615, 
11/09/2016 05, 62.2000007629, 49.7999992371, 53.73333358765, 
11/09/2016 06, 61.7999992371, 45, 50.78333409628333, 
11/09/2016 07, 89.1999969482, 60, 79.68333307901666, 
11/09/2016 08, 93.5999984741, 76.1999969482, 85.26666641235, 
11/09/2016 09, 96.5, 77.5999984741, 87.13333384196666, 
11/09/2016 10, 74.5999984741, 59.5999984741, 65.61666552225, 
11/09/2016 11, 59.7000007629, 28.7000007629, 50.16666730241667, 
11/09/2016 12, 37.2000007629, 25.7999992371, 32.0333334605, 
11/09/2016 13, 31.5, 17.7999992371, 22.41666666668333, 
11/09/2016 14, 32.9000015259, 21.5, 25.516666730266667, 
11/09/2016 15, 26.7999992371, 21, 22.983333587649998, 
11/09/2016 16, 27.3999996185, 23.7999992371, 25.683333079033332, 
11/09/2016 17, 38.7000007629, 25.7999992371, 31.699999809266668, 
11/09/2016 18, 64.6999969482, 37.0999984741, 49.26666577654999, 
11/09/2016 19, 63.4000015259, 36.4000015259, 52.03333473206666, 
11/09/2016 20, 84, 66.9000015259, 74.29999923705, 
11/09/2016 21, 73.6999969482, 66.6999969482, 69.7833328247, 
11/09/2016 22, 68.4000015259, 36.7999992371, 49.80000050863333, 
11/09/2016 23, 55.9000015259, 46.0999984741, 50.666666030883334, 
11/10/2016 00, 70.1999969482, 46.4000015259, 54.033332824716666, 
11/10/2016 01, 38, 33.5999984741, 35.38333320616667, 
11/10/2016 02, 40.5, 35.7999992371, 37.65000025433333, 
11/10/2016 03, 45.5, 35.2999992371, 40.399999618533336, 
11/10/2016 04, 48.5, 33.7000007629, 40.166666030883334, 
11/10/2016 05, 75.5999984741, 46.5, 56.599999745683334, 
11/10/2016 06, 77.8000030518, 57, 70.06666628518333, 
11/10/2016 07, 93.3000030518, 72, 85.54999923705002, 
11/10/2016 08, 99.0999984741, 79.5, 89.05000050863333, 
11/10/2016 09, 93.1999969482, 73.3000030518, 86.06666564940001, 
11/10/2016 10, 66.4000015259, 57.0999984741, 61.54999923705, 
11/10/2016 11, 57.2999992371, 33.2999992371, 41.13333320618333, 
11/10/2016 12, 37.2999992371, 24.6000003815, 31.3166666031, 
11/10/2016 13, 32.7000007629, 23.8999996185, 27.38333352405, 
11/10/2016 14, 31.8999996185, 21.7000007629, 25.399999618533332, 
11/10/2016 15, 22, 19.8999996185, 21, 
11/10/2016 16, 28.7000007629, 23.7000007629, 26.116666793816666, 
11/10/2016 17, 37.9000015259, 25, 31.783333778383334, 
11/10/2016 18, 50.5999984741, 31.7999992371, 36.5666662852, 
11/10/2016 19, 58.2999992371, 34.7999992371, 46.849999745699996, 
11/10/2016 20, 60.5, 51.7999992371, 54.93333371481666, 
11/10/2016 21, 71.5, 50.4000015259, 61.63333384198334, 
11/10/2016 22, 67.5, 58.7000007629, 62.5, 
11/10/2016 23, 59.0999984741, 47.7999992371, 53.033333460499996, 
11/11/2016 00, 48.9000015259, 31.6000003815, 38.133333524066664, 
11/11/2016 01, 36.2000007629, 29.2999992371, 31.949999809250002, 
11/11/2016 02, 45.7000007629, 29.7999992371, 35.76666641235, 
11/11/2016 03, 50.4000015259, 32.5999984741, 38.333333333316666, 
11/11/2016 04, 48.9000015259, 30.7000007629, 34.683333396900004, 
11/11/2016 05, 55.9000015259, 34.2000007629, 43.649999618533336, 
11/11/2016 06, 71.4000015259, 46.7000007629, 61.583333969116666, 
11/11/2016 07, 103.699996948, 65.4000015259, 82.23333231603333, 
11/11/2016 08, 83.0999984741, 73.6999969482, 79.58333333333333, 
11/11/2016 09, 100.800003052, 82.1999969482, 92.96666717533333, 
11/11/2016 10, 66.5999984741, 54.0999984741, 59.033332188900005, 
11/11/2016 11, 45.7999992371, 33.7999992371, 39.716666539516666, 
11/11/2016 12, 24.5, 12.6000003815, 20.350000381466668, 
11/11/2016 13, 40.2000007629, 30.5, 34.41666666665, 
11/11/2016 14, 31.2000007629, 21.3999996185, 25.050000190733332, 
11/11/2016 15, 24.2000007629, 18.7000007629, 21.1500002543, 
11/11/2016 16, 32.0999984741, 20.1000003815, 24.366666793816666, 
11/11/2016 17, 45.5999984741, 20.5, 34.0666662852, 
11/11/2016 18, 45, 31.6000003815, 39.56666723888333, 
11/11/2016 19, 78.4000015259, 38.5, 63.61666679381667, 
11/11/2016 20, 79.5, 67.9000015259, 76.23333358765, 
11/11/2016 21, 85.1999969482, 54.5999984741, 65.34999974568333, 
11/11/2016 22, 60.0999984741, 39.2000007629, 50.450000127133336, 
11/11/2016 23, 54.4000015259, 41.2000007629, 45.26666641235, 
11/12/2016 00, 52.5, 41, 45.73333358765, 
11/12/2016 01, 48.4000015259, 42.5, 45.216667175299996, 
11/12/2016 02, 48.4000015259, 32.7999992371, 43.06666692098333, 
11/12/2016 03, 37.0999984741, 32.5999984741, 34.733332951849995, 
11/12/2016 04, 38.2000007629, 33.7000007629, 36.36666615803333, 
11/12/2016 05, 55.7999992371, 39.7999992371, 47.116666158066664, 
11/12/2016 06, 85.9000015259, 65.0999984741, 73.15000025431667, 
11/12/2016 07, 94.3000030518, 69.1999969482, 81.59999974568333, 
11/12/2016 08, 89.6999969482, 62.4000015259, 78.31666564940001, 
11/12/2016 09, 90.9000015259, 70.1999969482, 79.19999949136667, 
11/12/2016 10, 92.4000015259, 42.7000007629, 74.61666806539999, 
11/12/2016 11, 56.7999992371, 35.2999992371, 50.083333333333336, 
11/12/2016 12, 96.4000015259, 14.6999998093, 35.133333365149994, 
11/12/2016 13, 23.2999992371, 17.1000003815, 19.416666666666668, 
11/12/2016 14, 21.6000003815, 16.6000003815, 19.333333651233332, 
11/12/2016 15, 23.2999992371, 16.2000007629, 19.700000127166664, 
11/12/2016 16, 30, 20.6000003815, 26.483333269766664, 
11/12/2016 17, 49.5, 31.7999992371, 37.61666615805, 
11/12/2016 18, 44.0999984741, 39.5999984741, 42.099999745666665, 
11/12/2016 19, 60.2000007629, 33, 47.783333460483334, 
11/12/2016 20, 71.6999969482, 62.4000015259, 66.51666641235, 
11/12/2016 21, 85.3000030518, 70.3000030518, 77.75000127158334, 
11/12/2016 22, 70.6999969482, 55.2999992371, 63.9166660309, 
11/12/2016 23, 64.4000015259, 61.9000015259, 62.783333460499996, 
11/13/2016 00, 69.3000030518, 44.2999992371, 56.599999745699996, 
11/13/2016 01, 55.5999984741, 47, 51.24999936421667, 
11/13/2016 02, 51.5999984741, 44.2999992371, 49.25, 
11/13/2016 03, 51.7999992371, 41.7000007629, 46.25000000001666, 
11/13/2016 04, 37.2000007629, 31.1000003815, 34.9000005722, 
11/13/2016 05, 51.0999984741, 39.5999984741, 42.79999923705, 
11/13/2016 06, 75.6999969482, 42.2999992371, 53.7499993642, 
11/13/2016 07, 85.5999984741, 73.3000030518, 79.15000025431667, 
11/13/2016 08, 81.6999969482, 75.0999984741, 78.29999923705, 
11/13/2016 09, 67.4000015259, 56.7999992371, 62.399999618533336, 
11/13/2016 10, 69.5999984741, 53.5, 61.233332951866664, 
11/13/2016 11, 50.7000007629, 31.7999992371, 42.81666628518334, 
11/13/2016 12, 34.4000015259, 28.2999992371, 31.050000190733332, 
11/13/2016 13, 23.7999992371, 20.2000007629, 21.833333333333332, 
11/13/2016 14, 26.6000003815, 18.7000007629, 21.533333778366668, 
11/13/2016 15, 22.2999992371, 20.2999992371, 21.483333269750002, 
11/13/2016 16, 36.7999992371, 20.2000007629, 26.733332951866668, 
11/13/2016 17, 38, 29.6000003815, 34.29999955495, 
11/13/2016 18, 40.4000015259, 32.7999992371, 36.966666539516666, 
11/13/2016 19, 67.4000015259, 29.6000003815, 48.15000057221666, 
11/13/2016 20, 87.3000030518, 65.3000030518, 72.73333358765, 
11/13/2016 21, 91.5, 71, 76.68333435059999, 
11/13/2016 22, 69.8000030518, 63.7000007629, 67.84000015258, 
11/13/2016 23, 71.9000015259, 57.5, 63.349999745683334, 
11/14/2016 00, 62.7999992371, 51.0999984741, 56.783332824716666, 
11/14/2016 01, 63.9000015259, 48, 53.966666539516666, 
11/14/2016 02, 48.7000007629, 36.7000007629, 43.283333460483334, 
11/14/2016 03, 44.0999984741, 36.5, 39.5, 
11/14/2016 04, 59.2000007629, 44, 48.950000127133336, 
11/14/2016 05, 90.1999969482, 52.5, 62.84000015257999, 
11/14/2016 06, 114.599998474, 60.4000015259, 90.0800003052, 
11/14/2016 07, 99.4000015259, 88.6999969482, 93.98333358765, 
11/14/2016 08, 118.800003052, 105.5, 114.150001526, 
11/14/2016 09, 105.599998474, 62.7999992371, 85.95000012713332, 
11/14/2016 10, 58.7999992371, 42.5999984741, 48.01666577656667, 
11/14/2016 11, 54, 37, 46.93333307901667, 
11/14/2016 12, 64.3000030518, 51.2999992371, 59.05000050863333, 
11/14/2016 13, 45.5999984741, 26.5, 30.7166665395, 
11/14/2016 14, 21.7000007629, 14.3000001907, 19.116666952766668, 
11/14/2016 15, 22.7999992371, 18.5, 21.483333269750002, 
11/14/2016 16, 30.7000007629, 23.2999992371, 26.183333396916666, 
11/14/2016 17, 71.5, 33.5, 58.400000254316666, 
11/14/2016 18, 71.8000030518, 53.2999992371, 59.516667683916666, 
11/14/2016 19, 106.099998474, 89.6999969482, 98.76666514073334, 
11/14/2016 20, 120.300003052, 90.0999984741, 110.01666641236666, 
11/14/2016 21, 118.800003052, 81.8000030518, 106.7833340963, 
11/14/2016 22, 79, 53.7999992371, 66.98333358766666, 
11/14/2016 23, 76.4000015259, 60.5999984741, 69.63333257038333, 
11/15/2016 00, 78.6999969482, 60.2000007629, 68.81666628518333, 
11/15/2016 01, 51.9000015259, 40.9000015259, 46.51666704815, 
11/15/2016 02, 44.7999992371, 39.4000015259, 42.0333334605, 
11/15/2016 03, 50.2999992371, 45.4000015259, 46.916666666683334, 
11/15/2016 04, 41.0999984741, 37, 39.11999969482, 
11/15/2016 05, 73.3000030518, 40.5, 59.38333447775, 
11/15/2016 06, 102.699996948, 76, 88.06666692098332, 
11/15/2016 07, 120.800003052, 97.5, 108.26666641229998, 
11/15/2016 08, 113.400001526, 87, 97.96666717531666, 
11/15/2016 09, 86.5999984741, 77.4000015259, 81.28333409628333, 
11/15/2016 10, 83.3000030518, 64.4000015259, 76.5, 
11/15/2016 11, 73.0999984741, 56.5999984741, 63.16666666665, 
11/15/2016 12, 57.7999992371, 41, 50.349999427825, 
11/15/2016 13, 65.9000015259, 56.2000007629, 61.31666755676667, 
11/15/2016 14, 60.7999992371, 42.2000007629, 53.666666666666664, 
11/15/2016 15, 47.0999984741, 40.0999984741, 42.76666577656667, 
11/15/2016 16, 52.4000015259, 43, 47.55000050863333, 
11/15/2016 17, 60, 42.0999984741, 48.8166662852, 
11/15/2016 18, 100, 53.2999992371, 67.43333307901666, 
11/15/2016 19, 87.5, 72.8000030518, 79.91666666666667, 
11/15/2016 20, 107, 76, 89.93333307901666, 
11/15/2016 21, 85.6999969482, 66, 79.29999923705, 
11/15/2016 22, 81.6999969482, 66.6999969482, 73.53333155311667, 
11/15/2016 23, 72.1999969482, 66.5999984741, 70.51666641235, 
11/16/2016 00, 77.5, 66.8000030518, 70.9666671753, 
11/16/2016 01, 76.9000015259, 55.9000015259, 65.81666628518333, 
11/16/2016 02, 57.7999992371, 47.0999984741, 53.283332824716666, 
11/16/2016 03, 47.0999984741, 40.9000015259, 42.666666666666664, 
11/16/2016 04, 52.0999984741, 44.9000015259, 48.733332951866664, 
11/16/2016 05, 108.900001526, 51.5, 80.0999997457, 
11/16/2016 06, 114.300003052, 74.1999969482, 91.2166671753, 
11/16/2016 07, 107.900001526, 90.3000030518, 100.9000002543, 
11/16/2016 08, 115, 87.0999984741, 100.01666768396666, 
11/16/2016 09, 113, 76.1999969482, 97.81666564941666, 
11/16/2016 10, 76.5, 62.9000015259, 70.7166671753, 
11/16/2016 11, 63.4000015259, 49.0999984741, 55.38333320616667, 
11/16/2016 15, 45, 41.7999992371, 43.366666158066664, 
11/16/2016 16, 45.2999992371, 36.9000015259, 41.33333333335, 
11/16/2016 17, 49.5, 43.7000007629, 47.20000012715, 
11/16/2016 18, 73.1999969482, 44.7999992371, 55.93333244323333, 
11/16/2016 19, 345.5, 87.6999969482, 142.74999872836665, 
11/16/2016 20, 126.900001526, 92.0999984741, 111.16666793834999, 
11/16/2016 21, 114.400001526, 99.0999984741, 107.03999938962002, 
11/16/2016 22, 96.6999969482, 85, 89.2833328247, 
11/16/2016 23, 93.0999984741, 68.4000015259, 75.63333257038333, 
11/17/2016 00, 81, 68.5, 73.81666692098334, 
11/17/2016 01, 74.9000015259, 55.0999984741, 62.966665903733336, 
11/17/2016 02, 68.1999969482, 58.2000007629, 61.53333218891666, 
11/17/2016 03, 57, 51.5999984741, 55.06666692098333, 
11/17/2016 04, 59.0999984741, 50.5999984741, 54.76666577656667, 
11/17/2016 05, 73.5, 54.5, 61.780000305179996, 
11/17/2016 06, 106.300003052, 72, 82.95000076298332, 
11/17/2016 07, 142.100006104, 82.9000015259, 113.69999949133334, 
11/17/2016 08, 125.599998474, 102.599998474, 116.08333333333333, 
11/17/2016 09, 115.599998474, 59.2000007629, 82.41666603081667, 
11/17/2016 10, 65.1999969482, 53.2999992371, 59.21666526793334, 
11/17/2016 11, 71.8000030518, 51.0999984741, 63.83333460491667, 
11/17/2016 12, 54.2999992371, 39.4000015259, 47.599999745699996, 
11/17/2016 13, 49, 39.7999992371, 43.86666679383333, 
11/17/2016 14, 35.4000015259, 26.8999996185, 31.220000076300003, 
11/17/2016 15, 39.5999984741, 30.6000003815, 34.98333326975, 
11/17/2016 16, 49.2000007629, 40.0999984741, 44.699999491350006, 
11/17/2016 17, 58.5999984741, 42.9000015259, 48.666666666666664, 
11/17/2016 18, 57.7999992371, 50.5, 53.849999745699996, 
11/17/2016 19, 75, 47.9000015259, 68.20000076295, 
11/17/2016 20, 90.6999969482, 69.4000015259, 81.21666590371666, 
11/17/2016 21, 121.300003052, 85.0999984741, 97.03333282471665, 
11/17/2016 22, 91, 64.5, 75.18333307901666, 
11/17/2016 23, 68.8000030518, 59, 63.216666539516666, 
11/18/2016 00, 65.1999969482, 51.7000007629, 59.59999974566667, 
11/18/2016 01, 57.4000015259, 41.2999992371, 50.29999987285, 
11/18/2016 02, 47.9000015259, 38.2999992371, 41.63333384196667, 
11/18/2016 03, 45.0999984741, 40.7000007629, 42.5, 
11/18/2016 04, 57, 45.7000007629, 50.100000381466664, 
11/18/2016 05, 103, 52.5, 69.0333328247, 
11/18/2016 06, 123.099998474, 56.5, 85.36666615805001, 
11/18/2016 07, 124.099998474, 107.099998474, 118.54999923700001, 
11/18/2016 08, 127.800003052, 101.400001526, 116.85000101733333, 
11/18/2016 09, 111.699996948, 100.800003052, 105.48333358766666, 
11/18/2016 10, 97.3000030518, 50.0999984741, 68.20000076295001, 
11/18/2016 11, 128.5, 50, 65.59999974568333, 
11/18/2016 12, 56.5, 47.2000007629, 51.7499993642, 
11/18/2016 13, 45.5999984741, 40.5999984741, 43.333332697533336, 
11/18/2016 14, 43, 30.5, 36.033332824716666, 
11/18/2016 15, 38, 32.2000007629, 35.41666730245, 
11/18/2016 16, 49, 37.2999992371, 42.76666641236667, 
11/18/2016 17, 61.2000007629, 42.9000015259, 51.6833337148, 
11/18/2016 18, 57.7000007629, 44.5999984741, 49.416666666666664, 
11/18/2016 19, 79.9000015259, 48, 66.40000025431667, 
11/18/2016 20, 115.400001526, 75.4000015259, 92.10000101728332, 
11/18/2016 21, 128.800003052, 73.5999984741, 98.86666615803331, 
11/18/2016 22, 86.6999969482, 65.1999969482, 72.71666463213334, 
11/18/2016 23, 86.8000030518, 67.8000030518, 75.60000228885, 
11/19/2016 00, 99.5999984741, 74.9000015259, 83.84999974568333, 
11/19/2016 01, 67.1999969482, 58.5, 63.48333295185, 
11/19/2016 02, 67.9000015259, 61.7000007629, 64.44999949136667, 
11/19/2016 03, 63, 56.0999984741, 59.033333460483334, 
11/19/2016 04, 60.5999984741, 56.0999984741, 58.54999923705, 
11/19/2016 05, 87.1999969482, 61.7000007629, 71.73333295185, 
11/19/2016 06, 110.900001526, 66.1999969482, 80.53333282471667, 
11/19/2016 07, 110.300003052, 96.5999984741, 101.26666768401667, 
11/19/2016 08, 125.900001526, 105.400001526, 111.96666590366668, 
11/19/2016 09, 123.800003052, 103.800003052, 114.58333460499999, 
11/19/2016 10, 99.5999984741, 59.9000015259, 74.48333358765, 
11/19/2016 11, 60.2000007629, 38.2000007629, 44.86666679381667, 
11/19/2016 12, 33.7000007629, 25.8999996185, 28.7166668574, 
11/19/2016 13, 36.2999992371, 29.2000007629, 32.649999618533336, 
11/19/2016 14, 34.7999992371, 28.2000007629, 30.75, 
11/19/2016 15, 34.9000015259, 26.7000007629, 30.583333651216666, 
11/19/2016 16, 49.9000015259, 33, 41.56666692098333, 
11/19/2016 17, 49, 39.0999984741, 43.533332824700004, 
11/19/2016 18, 57.5999984741, 42.5999984741, 51.01666641233333, 
11/19/2016 19, 103, 54.7999992371, 91.24999936421666, 
11/19/2016 20, 186, 87.1999969482, 118.78333155305, 
11/19/2016 21, 126.699996948, 91.5, 102.81666564938332, 
11/19/2016 22, 83.5, 58.5999984741, 67.74999936421666, 
11/19/2016 23, 65.0999984741, 57.7999992371, 61.3833325704, 
11/20/2016 00, 69.9000015259, 61, 65.11666679383333, 
11/20/2016 01, 62.5, 60.5999984741, 61.349999745683334, 
11/20/2016 02, 66, 52.5999984741, 58.13333320618333, 
11/20/2016 03, 53.7000007629, 49, 50.63333320618333, 
11/20/2016 04, 53.5999984741, 49.5, 51.733332951866664, 
11/20/2016 05, 77.3000030518, 53.2000007629, 66.83333333333333, 
11/20/2016 06, 94.0999984741, 73.8000030518, 84.85000101726666, 
11/20/2016 07, 113.300003052, 87.5999984741, 101.09999974566666, 
11/20/2016 08, 113.400001526, 82.1999969482, 96.74999872838335, 
11/20/2016 09, 86.4000015259, 69, 76.4666671753, 
11/20/2016 10, 69.6999969482, 47.4000015259, 56.716666539500004, 
11/20/2016 11, 56.5999984741, 28, 42.51666641236667, 
11/20/2016 12, 57.2000007629, 38.2000007629, 51.03333346046666, 
11/20/2016 13, 38.5999984741, 35.9000015259, 37.283333460466665, 
11/20/2016 14, 33.9000015259, 29.8999996185, 32.88333415986667, 
11/20/2016 15, 38.5999984741, 30.7000007629, 33.13333288826667, 
11/20/2016 16, 42.9000015259, 32.0999984741, 39.716666539516666, 
11/20/2016 17, 57.0999984741, 41.0999984741, 48.34999974566667, 
11/20/2016 18, 51.2000007629, 41.7000007629, 44.99999999998334, 
11/20/2016 19, 80.4000015259, 51.7000007629, 70.56666755676666, 
11/20/2016 20, 123.5, 83, 96.69999949136667, 
11/20/2016 21, 112.900001526, 73.6999969482, 95.00000127163332, 
11/20/2016 22, 78.5999984741, 71.3000030518, 76.01666641235, 
11/20/2016 23, 71.3000030518, 59.5, 64.58333460491666, 
11/21/2016 00, 85.8000030518, 47.0999984741, 61.45000076295, 
11/21/2016 01, 61.5999984741, 42.7000007629, 47.99999999998334, 
11/21/2016 02, 47.2000007629, 44, 45.29999987281667, 
11/21/2016 03, 51.2999992371, 42.4000015259, 46.666666666683334, 
11/21/2016 04, 48.7999992371, 45.2000007629, 47.01666641236667, 
11/21/2016 05, 70.0999984741, 48.9000015259, 59.966666539500004, 
11/21/2016 06, 105, 71.8000030518, 80.48333358765, 
11/21/2016 07, 68.9000015259, 51.0999984741, 56.98333358765, 
11/21/2016 08, 65.5, 53.4000015259, 57.716666539516666, 
11/21/2016 09, 88.5, 59.9000015259, 75.10000038148333, 
11/21/2016 10, 81.5999984741, 59.7999992371, 67.21666590371667, 
11/21/2016 11, 73, 55.2999992371, 65.38333320618334, 
11/21/2016 12, 51.9000015259, 35.5999984741, 44.916666666666664, 
11/21/2016 13, 40.5999984741, 24.5, 31.933333079033332, 
11/21/2016 14, 32.2999992371, 21.8999996185, 27.016666412350002, 
11/21/2016 15, 34.7000007629, 24.7999992371, 30.0200000763, 
11/21/2016 16, 47.5, 33.7000007629, 39.533334096266664, 
11/21/2016 17, 60.4000015259, 34.7999992371, 48.1833337148, 
11/21/2016 18, 66, 47.0999984741, 55.56666692098333, 
11/21/2016 19, 106.800003052, 57.2999992371, 76.96666717533333, 
11/21/2016 20, 106.900001526, 81.0999984741, 95.75, 
11/21/2016 21, 114.5, 91.4000015259, 103.44999949131666, 
11/21/2016 22, 108.900001526, 80, 93.23333358765001, 
11/21/2016 23, 90.5, 75.8000030518, 83.28333409628333, 
11/22/2016 00, 78.9000015259, 63.2999992371, 70.58333396913334, 
11/22/2016 01, 65.1999969482, 44.7999992371, 54.48333168028333, 
11/22/2016 02, 49.9000015259, 44.5999984741, 47.55000050863333, 
11/22/2016 03, 59.2999992371, 51.2000007629, 55, 
11/22/2016 04, 57.0999984741, 48.9000015259, 52.38333320616667, 
11/22/2016 05, 101.699996948, 55.2999992371, 69.63333320615, 
11/22/2016 06, 108.099998474, 71.4000015259, 85.99999999998333, 
11/22/2016 07, 111.099998474, 86.4000015259, 98.41666793824999, 
11/22/2016 08, 125.300003052, 105.800003052, 113.55000050866666, 
11/22/2016 09, 100.900001526, 66, 83.26666768395, 
11/22/2016 10, 80.4000015259, 55.2000007629, 65.78333282468334, 
11/22/2016 11, 52.2999992371, 44.4000015259, 47.48333358766667, 
11/22/2016 12, 42.7000007629, 37.5999984741, 39.8333333333, 
11/22/2016 13, 41.2999992371, 31.2999992371, 35.93333307903333, 
11/22/2016 14, 58.5999984741, 42.5, 47.93333307903333, 
11/22/2016 15, 51.7999992371, 43.5999984741, 48.3166662852, 
11/22/2016 16, 53.2999992371, 44.7999992371, 49.650000254316666, 
11/22/2016 17, 62.7000007629, 44.5999984741, 54.999999364199994, 
11/22/2016 18, 91.0999984741, 56.2000007629, 75.4666665395, 
11/22/2016 19, 99.5999984741, 85.1999969482, 91.39999898273334, 
11/22/2016 20, 131.600006104, 95.6999969482, 108.68333307906666, 
11/22/2016 21, 128, 106.199996948, 119.25, 
11/22/2016 22, 135.199996948, 101.099998474, 111.866666158, 
11/22/2016 23, 101.199996948, 80.1999969482, 91.2166646321, 
11/23/2016 00, 128.199996948, 88.5, 101.54999923698334, 
11/23/2016 01, 121.400001526, 88.6999969482, 97.88333257038335, 
11/23/2016 02, 85.3000030518, 76, 81.75, 
11/23/2016 03, 90.6999969482, 73.5, 78.83333206175, 
11/23/2016 04, 92.6999969482, 70.6999969482, 79.04999923705, 
11/23/2016 05, 96.1999969482, 74.5, 80.63333257038333, 
11/23/2016 06, 96.3000030518, 79.5, 90.68333435059999, 
11/23/2016 07, 136.600006104, 95.6999969482, 117.41666666666667, 
11/23/2016 08, 134, 108.300003052, 119.69999949133334, 
11/23/2016 09, 137.699996948, 83.5999984741, 110.799999237, 
11/23/2016 10, 88.8000030518, 64.4000015259, 74.06666692098334, 
11/23/2016 11, 62.2000007629, 45.9000015259, 51.850000381466664, 
11/23/2016 12, 53.2999992371, 38.0999984741, 43.11666615805, 
11/23/2016 13, 38.5, 31.5, 34.26666641236667, 
11/23/2016 14, 32.5, 23.5, 27.800000190733332, 
11/23/2016 15, 54.4000015259, 46.5, 49.45000012715, 
11/23/2016 16, 70.3000030518, 54, 60.766667048133336, 
11/23/2016 17, 78.4000015259, 62.7000007629, 70.18333307900001, 
11/23/2016 18, 91.9000015259, 69.9000015259, 79.66666793825, 
11/23/2016 19, 116.099998474, 91.8000030518, 106.43333307896667, 
11/23/2016 20, 118.300003052, 98.8000030518, 108.40000152596666, 
11/23/2016 21, 120.5, 99, 109.14999898266667, 
11/23/2016 22, 103.599998474, 89.6999969482, 98.48333231608335, 
11/23/2016 23, 100.199996948, 71.5999984741, 87.93333307898335, 
11/24/2016 00, 89.4000015259, 72.5999984741, 79.35000101726666, 
11/24/2016 01, 80.1999969482, 73, 76.11666615803334, 
11/24/2016 02, 94.6999969482, 73, 78.89999898273334, 
11/24/2016 03, 79.4000015259, 74.6999969482, 78.05000050863333, 
11/24/2016 04, 76.1999969482, 67.8000030518, 73.0333328247, 
11/24/2016 05, 105.300003052, 78.9000015259, 88.01666641238334, 
11/24/2016 06, 120.5, 86, 98.19999949135, 
11/24/2016 07, 148.300003052, 119.5, 133.61666742966665, 
11/24/2016 08, 137.899993896, 110.199996948, 121.96666336033336, 
11/24/2016 09, 108.199996948, 91, 96.93333307895, 
11/24/2016 10, 92.5, 87.5, 90.13333257038333, 
11/24/2016 11, 106.199996948, 80.5999984741, 95.98333358763334, 
11/24/2016 12, 73.3000030518, 43, 59.88333384196667, 
11/24/2016 13, 52.5999984741, 43, 48.083333969116666, 
11/24/2016 14, 50, 46.9000015259, 48.400000254316666, 
11/24/2016 15, 57.7000007629, 40, 48.399999618533336, 
11/24/2016 16, 69.5999984741, 55.5, 59.18333307903333, 
11/24/2016 17, 76.6999969482, 59.0999984741, 66.35000038148334, 
11/24/2016 18, 74.9000015259, 68.0999984741, 71.14999898273334, 
11/24/2016 19, 126.699996948, 79.3000030518, 94.63333257031667, 
11/24/2016 20, 130.300003052, 96.0999984741, 110.34999974565001, 
11/24/2016 21, 137.199996948, 83.4000015259, 110.68333307898335, 
11/24/2016 22, 87.9000015259, 71.9000015259, 82.45000076295, 
11/24/2016 23, 89.0999984741, 66.8000030518, 80.08333333333333, 
11/25/2016 00, 73.5999984741, 52, 66.58333333333333, 
11/25/2016 01, 68.4000015259, 53.5, 58.43333371481666, 
11/25/2016 02, 67.1999969482, 60.9000015259, 64.74999936421666, 
11/25/2016 03, 96.4000015259, 68.1999969482, 78.29999923705, 
11/25/2016 04, 73.5999984741, 63.4000015259, 68.24999936421666, 
11/25/2016 05, 90.0999984741, 61.2000007629, 73.00000063578334, 
11/25/2016 06, 165.800003052, 107.199996948, 123.73333358766666, 
11/25/2016 07, 136.5, 106, 117.96666717533333, 
11/25/2016 08, 198.899993896, 102.800003052, 144.666665395, 
11/25/2016 09, 170.699996948, 78.4000015259, 128.28333409633333, 
11/25/2016 10, 75.0999984741, 63.9000015259, 67.69999949136667, 
11/25/2016 11, 81.9000015259, 59.4000015259, 66.2166671753, 
11/25/2016 12, 79.5999984741, 66.8000030518, 71.2833328247, 
11/25/2016 13, 69.3000030518, 54.7000007629, 64.28333409628333, 
11/25/2016 14, 56.7999992371, 44.2000007629, 49.399999618533336, 
11/25/2016 15, 55.2999992371, 45.7999992371, 50.3833332062, 
11/25/2016 16, 87.6999969482, 55.9000015259, 68.24999936420001, 
11/25/2016 17, 87.5, 70.9000015259, 77.58333333333333, 
11/25/2016 18, 90.1999969482, 76.9000015259, 82.54999923705, 
11/25/2016 19, 121.199996948, 97.4000015259, 105.783331553, 
11/25/2016 20, 126, 103.900001526, 115.65000025433334, 
11/25/2016 21, 119.400001526, 94.5, 109.58333333333333, 
11/25/2016 22, 127.800003052, 108, 115.40000152599998, 
11/25/2016 23, 117.599998474, 95.0999984741, 103.14999898265, 
11/26/2016 00, 99.3000030518, 89, 94.06666819256667, 
11/26/2016 01, 89.5, 85.9000015259, 87.78333409628333, 
11/26/2016 02, 87.8000030518, 74.1999969482, 82.69999949136667, 
11/26/2016 03, 87.5999984741, 71.5, 78.38333257038333, 
11/26/2016 04, 82.8000030518, 72.4000015259, 76.98333358765, 
11/26/2016 05, 113, 78, 90.5833333333, 
11/26/2016 06, 105.5, 93.5999984741, 100.46666590366668, 
11/26/2016 07, 146, 108.5, 123.883333842, 
11/26/2016 08, 158.100006104, 91, 123.01666895566666, 
11/26/2016 09, 131.600006104, 90.4000015259, 110.15000152598333, 
11/26/2016 10, 120.300003052, 83.4000015259, 100.61666742965001, 
11/26/2016 11, 76.5, 51.4000015259, 62.733334223449994, 
11/26/2016 12, 47.7999992371, 40.9000015259, 43.79999987285, 
11/26/2016 13, 44.5999984741, 39.2999992371, 42.400000254333335, 
11/26/2016 14, 45.0999984741, 37.9000015259, 41.18333307901667, 
11/26/2016 15, 96.3000030518, 44.4000015259, 72.41666857405, 
11/26/2016 16, 87.9000015259, 70.3000030518, 84.41666666666667, 
11/26/2016 17, 80.0999984741, 71.9000015259, 75.91666666666667, 
11/26/2016 18, 105.800003052, 75.1999969482, 88.9166666667, 
11/26/2016 19, 115.5, 93.8000030518, 99.88333384198334, 
11/26/2016 20, 125.699996948, 107.900001526, 116.40000025433334, 
11/26/2016 21, 127.099998474, 90.5999984741, 112.06666819265001, 
11/26/2016 22, 102.099998474, 67.5, 86.54999923703333, 
11/26/2016 23, 110.400001526, 81.1999969482, 96.91666539505002, 
11/27/2016 00, 86, 62.5999984741, 71.34999974568333, 
11/27/2016 01, 75.5999984741, 50.5999984741, 60.86666615803333, 
11/27/2016 02, 58.0999984741, 45.9000015259, 52.89999961851667, 
11/27/2016 03, 53.4000015259, 49.7000007629, 51.233333587666664, 
11/27/2016 04, 69.9000015259, 50.4000015259, 59.283333460483334, 
11/27/2016 05, 79.1999969482, 66.5, 71.06666564940001, 
11/27/2016 06, 115, 67.9000015259, 90.60000101728333, 
11/27/2016 07, 127.400001526, 91.5999984741, 109.68333307901668, 
11/27/2016 08, 137.5, 98.6999969482, 113.01666641236666, 
11/27/2016 09, 131.100006104, 103.400001526, 110.88333511366666, 
11/27/2016 10, 125, 95.4000015259, 115.08333333331666, 
11/27/2016 11, 105.900001526, 71.9000015259, 87.01666768395, 
11/27/2016 12, 64, 35.5999984741, 46.36666742961666, 
11/27/2016 13, 52.9000015259, 32.7999992371, 41.20000012716667, 
11/27/2016 14, 45.2999992371, 31.5, 36.666666666683334, 
11/27/2016 15, 51.5999984741, 40.5, 45.36666615803333, 
11/27/2016 16, 60.2000007629, 51.2000007629, 54.50000063574999, 
11/27/2016 17, 66.9000015259, 58.5, 62.14999961851667, 
11/27/2016 18, 69.6999969482, 59.5999984741, 63.9333337148, 
11/27/2016 19, 92.4000015259, 68.9000015259, 78.4000015259, 
11/27/2016 20, 109.900001526, 71.5999984741, 89.1333325704, 
11/27/2016 21, 109.599998474, 96.5999984741, 102.0833320617, 
11/27/2016 22, 120.900001526, 92.4000015259, 104.51666641234999, 
11/27/2016 23, 129.600006104, 76.0999984741, 95.96666844698332, 
11/28/2016 00, 97.8000030518, 66.5999984741, 81.11666615803334, 
11/28/2016 01, 75.8000030518, 54.7000007629, 62.600000381466664, 
11/28/2016 02, 111, 57.2000007629, 76.80000050863333, 
11/28/2016 03, 87.9000015259, 50.5999984741, 60.40000025433333, 
11/28/2016 04, 52.5, 42.2000007629, 47.666666666666664, 
11/28/2016 05, 59.2000007629, 40.5, 50.76666641235, 
11/28/2016 06, 182.600006104, 60.2999992371, 94.60000038158334, 
11/28/2016 07, 129.300003052, 84.3000030518, 108.36666742961665, 
11/28/2016 08, 96.8000030518, 86.9000015259, 92.3666687012, 
11/28/2016 09, 117.900001526, 96.6999969482, 108.98333358769999, 
11/28/2016 10, 107.900001526, 62.7000007629, 80.41666857405001, 
11/28/2016 11, 77.0999984741, 22.7999992371, 46.38333320618333, 
11/28/2016 12, 31.7000007629, 27.3999996185, 29.700000127133336, 
11/28/2016 13, 39.5999984741, 27.7000007629, 32.26666673021666, 
11/28/2016 14, 45.5999984741, 31.3999996185, 40.249999682100004, 
11/28/2016 15, 53.5, 40.2999992371, 45.01666641235, 
11/28/2016 16, 59.9000015259, 50.5, 54.04999987285, 
11/28/2016 17, 78.1999969482, 50.7000007629, 59.916666030849996, 
11/28/2016 18, 85.4000015259, 55.2999992371, 73.86666806541666, 
11/28/2016 19, 132.100006104, 54.5, 93.70000076301666, 
11/28/2016 20, 145, 107.5, 117.616666158, 
11/28/2016 21, 143.199996948, 111.800003052, 125.71666717533333, 
11/28/2016 22, 119.300003052, 99.4000015259, 110.18333562231668, 
11/28/2016 23, 121.599998474, 105.599998474, 112.61666488633334, 
11/29/2016 00, 109.800003052, 74.5, 96.05000050866666, 
11/29/2016 01, 109.300003052, 74.0999984741, 95.74999999998334, 
11/29/2016 02, 111.400001526, 81.6999969482, 89.21666717531666, 
11/29/2016 03, 83.5999984741, 73.6999969482, 79.36666615803334, 
11/29/2016 04, 84.1999969482, 71.3000030518, 78.68333435059999, 
11/29/2016 05, 100.5, 84, 89.93333180743333, 
11/29/2016 06, 123.599998474, 89.0999984741, 100.98333231603334, 
11/29/2016 07, 137.600006104, 107, 124.05000178033333, 
11/29/2016 08, 133.699996948, 106.199996948, 116.71666590366668, 
11/29/2016 09, 101, 87.8000030518, 91.78333409628334, 
11/29/2016 10, 93, 75.1999969482, 83.88333257038333, 
11/29/2016 11, 93.1999969482, 57, 68.08333206175, 
11/29/2016 12, 76.5999984741, 33.2000007629, 54.63333193458334, 
11/29/2016 13, 26.3999996185, 18.7000007629, 23.649999936416666, 
11/29/2016 14, 41.2999992371, 32.7999992371, 35.349999745683334, 
11/29/2016 15, 36.9000015259, 32, 34.23333422343333, 
11/29/2016 16, 40.4000015259, 29, 34.81666755675, 
11/29/2016 17, 47.9000015259, 38.7000007629, 43.48333358763333, 
11/29/2016 18, 75.8000030518, 49.7000007629, 57.533334096266664, 
11/29/2016 19, 88.8000030518, 74.5999984741, 80.66666666666667, 
11/29/2016 20, 108.699996948, 87.5, 96.21666590366668, 
11/29/2016 21, 81.3000030518, 65.3000030518, 72.63333384196666, 
11/29/2016 22, 75, 64.5999984741, 69.76666768393333, 
11/29/2016 23, 71.6999969482, 55.7000007629, 61.483332316083334, 
11/30/2016 00, 72.3000030518, 60.5, 65.80000114441667, 
11/30/2016 01, 67.1999969482, 55.2999992371, 59.8166662852, 
11/30/2016 02, 72.5999984741, 50.2999992371, 60.51666641236667, 
11/30/2016 03, 65.9000015259, 53.5, 57.31666692098333, 
11/30/2016 04, 66.9000015259, 49.5999984741, 56.266667048133336, 
11/30/2016 05, 69.1999969482, 63.7999992371, 66.91666603088333, 
11/30/2016 06, 133.300003052, 67.6999969482, 97.84999974568332, 
11/30/2016 07, 136.899993896, 92.9000015259, 111.94999949128332, 
11/30/2016 08, 147, 107.800003052, 127.26666768400001, 
11/30/2016 09, 123.900001526, 91.1999969482, 109.43333307903333, 
11/30/2016 10, 107.099998474, 53, 92.38333257036668, 
11/30/2016 11, 76.5999984741, 61.5, 66.81666692098334, 
11/30/2016 12, 75.5, 13.8999996185, 55.48333390553333, 
11/30/2016 13, 42.4000015259, 17.6000003815, 28.840000915539996, 
11/30/2016 15, 127, 127, 127, 
11/30/2016 16, 87.5, 49, 60.88333320618333, 
11/30/2016 17, 79.1999969482, 52.7000007629, 68.54999923703333, 
11/30/2016 18, 74, 59.5, 67.65000025431667, 
11/30/2016 19, 59.5999984741, 41.4000015259, 46.583333333333336, 
11/30/2016 20, 119.300003052, 35.7000007629, 65.20000114443, 
11/30/2016 21, 118.900001526, 37.7999992371, 67.39000091557001, 
11/30/2016 22, 59.7000007629, 47.5, 54.150000254316666, 
11/30/2016 23, 63.7000007629, 50.2999992371, 59.01666704815, 
12/01/2016 00, 196.800003052, 53.2000007629, 107.47999954218001, 
12/01/2016 01, 111.800003052, 72.5999984741, 94.774999618575, 
12/01/2016 02, 101.400001526, 70.8000030518, 84.85000101728333, 
12/01/2016 03, 91.4000015259, 71.8000030518, 82.03333409628333, 
12/01/2016 04, 78.3000030518, 62.2000007629, 72.29999987283334, 
12/01/2016 05, 78.5999984741, 59, 66.5333328247, 
12/01/2016 06, 58.5999984741, 34.7999992371, 42.86666615805, 
12/01/2016 07, 43.7999992371, 30.8999996185, 36.79999955495, 
12/01/2016 08, 28.5, 24.7999992371, 27, 
12/01/2016 09, 31.7000007629, 26.6000003815, 29.483333587650005, 
12/01/2016 10, 47.0999984741, 29.6000003815, 40.46428585053571, 
12/01/2016 11, 61.5999984741, 38.9000015259, 48.95166664123501, 
12/01/2016 12, 69.8000030518, 42.2000007629, 55.99767472023722, 
12/01/2016 18, 86.6999969482, 44.7999992371, 55.21562457085, 
12/01/2016 19, 100.800003052, 66.8000030518, 83.138334019995, 
12/01/2016 20, 144.899993896, 76.6999969482, 108.3366664886367, 
12/01/2016 21, 134.5, 68.5999984741, 106.90666656493333, 
12/01/2016 22, 87.9000015259, 48.7000007629, 60.62499993641833, 
12/01/2016 23, 99.5999984741, 45.5, 57.33500022887832, 
12/02/2016 00, 114, 58.7000007629, 78.51166687011833, 
12/02/2016 01, 71, 47.2000007629, 59.868333435061686, 
12/02/2016 02, 52.5, 42.5, 49.149999936428344, 
12/02/2016 03, 58.0999984741, 38.5999984741, 46.46666660308498, 
12/02/2016 04, 75.5, 43.7000007629, 54.32166671752832, 
12/02/2016 05, 78.5, 45.5, 57.46666653950501, 
12/02/2016 06, 172.399993896, 57, 83.4483328501167, 
12/02/2016 07, 116.300003052, 76.4000015259, 94.94833348591165, 
12/02/2016 08, 116.099998474, 69.4000015259, 91.10500005087836, 
12/02/2016 09, 108.800003052, 64.9000015259, 96.13000030519169, 
12/02/2016 10, 116.699996948, 56.0999984741, 91.02499987284335, 
12/02/2016 11, 71.0999984741, 31.6000003815, 54.47333348591831, 
12/02/2016 12, 42.2000007629, 26, 30.37333332697667, 
12/02/2016 13, 39.2999992371, 19.1000003815, 26.323333199825, 
12/02/2016 14, 31.6000003815, 19.2999992371, 24.839999898280006, 
12/02/2016 15, 42.9000015259, 25, 30.275000127160002, 
12/02/2016 16, 50.0999984741, 33.7000007629, 40.68500016530167, 
12/02/2016 17, 62.7000007629, 41.4000015259, 50.87000001271498, 
12/02/2016 18, 65.3000030518, 42.9000015259, 52.34666652679334, 
12/02/2016 19, 87.3000030518, 48.5, 59.691666793823316, 
12/02/2016 20, 123.900001526, 70.3000030518, 98.98333320615997, 
12/02/2016 21, 106.099998474, 75.6999969482, 88.50499954223001, 
12/02/2016 22, 89.3000030518, 67.5, 75.45500030518, 
12/02/2016 23, 94.8000030518, 67.0999984741, 77.14499969482003, 
12/03/2016 00, 71.0999984741, 47, 56.28500016530333, 
12/03/2016 01, 70.4000015259, 47.4000015259, 52.263333384198326, 
12/03/2016 02, 73.5, 50.0999984741, 55.40999984741169, 
12/03/2016 03, 72, 47, 50.963333320613316, 
12/03/2016 04, 83.0999984741, 48.9000015259, 59.34833310444832, 
12/03/2016 05, 97.0999984741, 69, 80.60166638691835, 
12/03/2016 06, 110.199996948, 73.1999969482, 87.55166638691334, 
12/03/2016 07, 149.600006104, 84.3000030518, 118.61000035605831, 
12/03/2016 08, 162.199996948, 114.099998474, 134.08000005086666, 
12/03/2016 09, 133.199996948, 96.4000015259, 108.98499997456001, 
12/03/2016 10, 123, 75.0999984741, 95.81500002543666, 
12/03/2016 11, 75.4000015259, 27.1000003815, 44.066666762036675, 
12/03/2016 12, 49.7000007629, 22, 29.594999949133328, 
12/03/2016 13, 37.7000007629, 19.2999992371, 25.198333358763332, 
12/03/2016 14, 32.5, 19.1000003815, 24.233333460488335, 
12/03/2016 15, 110.599998474, 22.6000003815, 30.291666634878332, 
12/03/2016 16, 65.3000030518, 31, 42.05333350499333, 
12/03/2016 17, 88.3000030518, 42.2000007629, 55.59833348592166, 
12/03/2016 18, 109.400001526, 62.7000007629, 86.77166703543334, 
12/03/2016 19, 158.300003052, 85.6999969482, 116.19333330790501, 
12/03/2016 20, 259.399993896, 91.4000015259, 140.10999908442332, 
12/03/2016 21, 124.5, 81.5, 99.07333310442336, 
12/03/2016 22, 140.600006104, 96.0999984741, 111.92833379113499, 
12/03/2016 23, 117.400001526, 89.0999984741, 98.6366666158167, 
12/04/2016 00, 137.600006104, 76.5, 89.25833333333834, 
12/04/2016 01, 84.8000030518, 59.7000007629, 69.42499980926333, 
12/04/2016 02, 63.9000015259, 59.9000015259, 61.50500049591001, 
12/04/2016 03, 66.8000030518, 46.7000007629, 49.796296508224074, 
12/04/2016 04, 92.4000015259, 45.9000015259, 55.036666615803334, 
12/04/2016 05, 89.1999969482, 55, 67.54666652679666, 
12/04/2016 06, 148.699996948, 61.5999984741, 94.7016666412283, 
12/04/2016 07, 138.399993896, 90.6999969482, 119.21666603082832, 
12/04/2016 08, 1048.5, 130.300003052, 164.00333353680006, 
12/04/2016 09, 141.300003052, 107.900001526, 123.33333371483334, 
12/04/2016 10, 112.5, 97.5999984741, 105.40000012716669, 
12/04/2016 11, 102.599998474, 57.7000007629, 75.28166669209502, 
12/04/2016 12, 69.3000030518, 55.2000007629, 64.15666637420168, 
12/04/2016 13, 66.9000015259, 21.6000003815, 35.810000101724995, 
12/04/2016 14, 44.2999992371, 25.2999992371, 33.153333218890005, 
12/04/2016 15, 43.7999992371, 28.5, 34.751724078739656, 
12/04/2016 16, 58.5, 28, 42.6424999713925, 
12/04/2016 17, 72.3000030518, 49.0999984741, 58.88363647460544, 
12/04/2016 18, 154.600006104, 58.9000015259, 94.39642878941962, 
12/04/2016 19, 199.699996948, 108.300003052, 148.11666615799996, 
12/04/2016 20, 192.5, 128.600006104, 162.17333323159994, 
12/04/2016 21, 165.899993896, 121.5, 146.04666659036673, 
12/04/2016 22, 169.300003052, 108.900001526, 128.7283327738, 
12/04/2016 23, 116.099998474, 94.8000030518, 106.49454581522178, 
12/05/2016 00, 104.800003052, 83.5999984741, 88.82931058160861, 
12/05/2016 01, 82, 55.7000007629, 68.75166683197166, 
12/05/2016 02, 76.5, 53.5999984741, 59.12833302816168, 
12/05/2016 03, 62.7000007629, 49.2000007629, 53.50833339690999, 
12/05/2016 04, 106.599998474, 48, 59.12000039418167, 
12/05/2016 05, 160.699996948, 54.5999984741, 78.31800025941001, 
12/05/2016 06, 151.699996948, 77.5, 99.24333343506332, 
12/05/2016 07, 121.5, 85.4000015259, 101.50833320618167, 
12/05/2016 08, 124.199996948, 77, 101.47166646321335, 
12/05/2016 09, 89.6999969482, 71.8000030518, 79.98000017802164, 
12/05/2016 10, 88.5999984741, 53.4000015259, 75.99166647592831, 
12/05/2016 11, 98.0999984741, 31.7000007629, 66.83392817633218, 
12/05/2016 12, 53.4000015259, 32.5, 42.36500002542665, 
12/05/2016 13, 52.7999992371, 26.3999996185, 43.154999923705, 
12/05/2016 14, 44.0999984741, 33.7000007629, 37.66000022888668, 
12/05/2016 15, 45.2999992371, 28.6000003815, 35.39999996821, 
12/05/2016 16, 58.9000015259, 33.0999984741, 44.77500012715832, 
12/05/2016 17, 65.6999969482, 43.9000015259, 55.01228058128771, 
12/05/2016 18, 93.8000030518, 55.2999992371, 74.33500003815165, 
12/05/2016 19, 120.699996948, 67.4000015259, 93.80000025431167, 
12/05/2016 20, 208.100006104, 79.6999969482, 106.61333312988664, 
12/05/2016 21, 151.5, 64.9000015259, 86.55166613260668, 
12/05/2016 22, 73.6999969482, 63.7999992371, 67.55166714987, 
12/05/2016 23, 87.3000030518, 52.5, 62.993333371485015, 
12/06/2016 00, 79.4000015259, 54.0999984741, 62.77666683196999, 
12/06/2016 01, 73.1999969482, 46.2999992371, 56.018333371474974, 
12/06/2016 02, 56.4000015259, 46, 50.444999949134996, 
12/06/2016 03, 77.1999969482, 53.4000015259, 57.63999977111665, 
12/06/2016 04, 71.8000030518, 49.2000007629, 55.466666857401655, 
12/06/2016 05, 139.300003052, 54.4000015259, 65.84833304087168, 
12/06/2016 06, 114.699996948, 69.1999969482, 83.86166661580002, 
12/06/2016 07, 117.800003052, 88.5999984741, 101.04500007629501, 
12/06/2016 08, 119.400001526, 76.6999969482, 90.77333348594168, 
12/06/2016 09, 100.800003052, 60.7000007629, 83.06833400727503, 
12/06/2016 10, 94.8000030518, 75.4000015259, 84.59999987284165, 
12/06/2016 11, 84.3000030518, 40.0999984741, 62.23333326975834, 
12/06/2016 12, 52.9000015259, 27.8999996185, 36.53166631063167, 
12/06/2016 13, 34.7000007629, 21.6000003815, 28.155000082641653, 
12/06/2016 14, 47.2000007629, 32.7999992371, 40.35263155217543, 
12/06/2016 15, 44.5999984741, 30.2000007629, 35.29166695276667, 
12/06/2016 16, 49.7999992371, 33.4000015259, 43.13500010172333, 
12/06/2016 17, 97.5999984741, 43.2999992371, 60.81000003815002, 
12/06/2016 18, 113.099998474, 71.3000030518, 88.49333394368833, 
12/06/2016 19, 126.5, 92.1999969482, 111.73833312986332, 
12/06/2016 20, 138.699996948, 93.5, 114.25833257033834, 
12/06/2016 21, 135.800003052, 93.3000030518, 113.51999982196666, 
12/06/2016 22, 132.699996948, 70.3000030518, 85.12499987283331, 
12/06/2016 23, 79.6999969482, 60.5999984741, 68.54499963123999, 
12/07/2016 00, 93.6999969482, 60.9000015259, 78.09166634877164, 
12/07/2016 01, 69.6999969482, 51.0999984741, 59.80833320618167, 
12/07/2016 02, 90.4000015259, 52.7000007629, 67.23666636149169, 
12/07/2016 03, 89.6999969482, 53.4000015259, 65.753333473205, 
12/07/2016 04, 77.9000015259, 47.2999992371, 53.62000001270833, 
12/07/2016 05, 204.5, 58.5999984741, 85.63999989827335, 
12/07/2016 06, 153.699996948, 76, 99.28499984739334, 
12/07/2016 07, 127.800003052, 94.4000015259, 105.11500027976498, 
12/07/2016 08, 150.300003052, 100.400001526, 110.40666656493335, 
12/07/2016 09, 134.100006104, 105.599998474, 119.27000033063332, 
12/07/2016 10, 115.699996948, 73.6999969482, 91.33999989827502, 
12/07/2016 11, 81.5999984741, 55.9000015259, 64.89166634877667, 
12/07/2016 12, 61.9000015259, 20.6000003815, 35.610000006359996, 
12/07/2016 13, 29.5, 10.3999996185, 18.713333145780005, 
12/07/2016 14, 35, 13.3999996185, 24.005000050861664, 
12/07/2016 15, 48.5999984741, 33.7000007629, 40.074999999998326, 
12/07/2016 16, 69, 40.4000015259, 49.82166665394833, 
12/07/2016 17, 116, 48.4000015259, 66.69166679382835, 
12/07/2016 18, 134.100006104, 71.4000015259, 102.01166725161832, 
12/07/2016 19, 153, 109.699996948, 128.0283334096333, 
12/07/2016 20, 150.100006104, 116.599998474, 134.24333330789997, 
12/07/2016 21, 132.300003052, 91.8000030518, 113.82833328246998, 
12/07/2016 22, 102.800003052, 67.5, 78.22500000000332, 
12/07/2016 23, 84, 66.1999969482, 76.37166633605503, 
12/08/2016 00, 73.1999969482, 46.2000007629, 59.141666412355, 
12/08/2016 01, 58.2999992371, 45, 49.26666666667167, 
12/08/2016 02, 52.2999992371, 40.5999984741, 44.50166670481334, 
12/08/2016 03, 106.099998474, 43, 53.64833323160333, 
12/08/2016 04, 62.7000007629, 41, 48.43666674295999, 
12/08/2016 05, 107.300003052, 48.7000007629, 59.241666857404994, 
12/08/2016 06, 202.600006104, 69.5999984741, 90.14833323161334, 
12/08/2016 07, 133.300003052, 88.8000030518, 112.61166623431002, 
12/08/2016 08, 144.300003052, 98.1999969482, 117.91833330790331, 
12/08/2016 09, 120.699996948, 77.3000030518, 99.23166656492334, 
12/08/2016 10, 90.5999984741, 73.5999984741, 83.10999997456832, 
12/08/2016 11, 71.1999969482, 30.7000007629, 48.98333317438334, 
12/08/2016 12, 47, 19.1000003815, 36.90333331425667, 
12/08/2016 13, 50.2000007629, 9.5, 28.51333344777167, 
12/08/2016 14, 46.5, 12.5, 19.086666615810007, 
12/08/2016 15, 29.6000003815, 16.7000007629, 20.968333371474994, 
12/08/2016 16, 42, 21.6000003815, 30.776666673025012, 
12/08/2016 17, 70.5, 30.5, 49.89166669846, 
12/08/2016 18, 117.099998474, 46.5, 70.20333309172834, 
12/08/2016 19, 163.199996948, 73.6999969482, 123.21333363853338, 
12/08/2016 20, 152.600006104, 108.699996948, 127.59833399459998, 
12/08/2016 21, 169.600006104, 107.699996948, 129.17000071213332, 
12/08/2016 22, 132.100006104, 96.6999969482, 109.40833346049665, 
12/08/2016 23, 108.099998474, 85.3000030518, 94.59333381654164, 
12/09/2016 00, 267.799987793, 68.8000030518, 80.98666623432997, 
12/09/2016 01, 84.8000030518, 52.7999992371, 63.958333269754995, 
12/09/2016 02, 65.9000015259, 50.2999992371, 56.42000013987499, 
12/09/2016 03, 61.2000007629, 45.2000007629, 49.10166632334002, 
12/09/2016 04, 60.7000007629, 43.9000015259, 50.345000330608315, 
12/09/2016 05, 83.6999969482, 46.9000015259, 62.66333338419666, 
12/09/2016 06, 151.399993896, 61.0999984741, 87.46499964393999, 
12/09/2016 07, 131.100006104, 87.5999984741, 111.39000015259667, 
12/09/2016 08, 140.100006104, 103.800003052, 112.65333379113332, 
12/09/2016 09, 133.800003052, 106.599998474, 117.65833346049997, 
12/09/2016 10, 138.800003052, 88.4000015259, 114.19666671754503, 
12/09/2016 11, 108, 60.7999992371, 81.33833332061, 
12/09/2016 12, 82.3000030518, 52.4000015259, 69.24333330790165, 
12/09/2016 13, 60.4000015259, 15, 30.056666692091664, 
12/09/2016 14, 37.2000007629, 15.6000003815, 22.130000019070003, 
12/09/2016 15, 40.2999992371, 18.7999992371, 24.61499996184666, 
12/09/2016 16, 42.2999992371, 23.7000007629, 31.42500012715833, 
12/09/2016 17, 49.4000015259, 31.1000003815, 39.80333337783332, 
12/09/2016 18, 115.099998474, 40.5, 70.74666684468833, 
12/09/2016 19, 150.100006104, 65.9000015259, 95.54999987284667, 
12/09/2016 20, 143.199996948, 84.1999969482, 100.56499938961664, 
12/09/2016 21, 125.800003052, 96.0999984741, 114.24833310443499, 
12/09/2016 22, 157.300003052, 70.5, 104.90666732791163, 
12/09/2016 23, 100.099998474, 63.0999984741, 72.576666514075, 
12/10/2016 00, 81.0999984741, 59.5, 66.45999997456833, 
12/10/2016 01, 87.3000030518, 53.2000007629, 57.41333338418831, 
12/10/2016 02, 54.2999992371, 35.9000015259, 44.580000050859994, 
12/10/2016 03, 59.5999984741, 39.7000007629, 45.301666450506666, 
12/10/2016 04, 97, 47.4000015259, 62.313333257038344, 
12/10/2016 05, 80, 51.9000015259, 60.63166662851667, 
12/10/2016 06, 189.399993896, 56.5999984741, 86.36333338418667, 
12/10/2016 07, 147.699996948, 75.5, 102.26000022887834, 
12/10/2016 08, 142.100006104, 104.900001526, 121.1000003815, 
12/10/2016 09, 123.099998474, 100, 111.05166638690002, 
12/10/2016 10, 113.699996948, 48.9000015259, 93.39666614529331, 
12/10/2016 11, 122.400001526, 54.5, 79.00500024160331, 
12/10/2016 12, 122.099998474, 47.0999984741, 61.64833323160501, 
12/10/2016 13, 51, 22.7999992371, 38.23666658401668, 
12/10/2016 14, 29.3999996185, 14.8000001907, 21.383333381016666, 
12/10/2016 15, 39.2000007629, 15.1999998093, 23.308333285651667, 
12/10/2016 16, 49.4000015259, 22.3999996185, 33.064999866484996, 
12/10/2016 17, 76.0999984741, 37.7000007629, 53.316666920976665, 
12/10/2016 18, 89.0999984741, 43.0999984741, 59.72000013987335, 
12/10/2016 19, 120.5, 67.4000015259, 88.86666666666669, 
12/10/2016 20, 112.300003052, 83.5999984741, 95.15333340963501, 
12/10/2016 21, 117.5, 83, 94.45000012715165, 
12/10/2016 22, 116.300003052, 67, 92.94999974568668, 
12/10/2016 23, 122.900001526, 61.5999984741, 70.58166650136332, 
12/11/2016 00, 76, 54.0999984741, 59.41333319345333, 
12/11/2016 01, 70, 46.2999992371, 54.14333318074667, 
12/11/2016 02, 66.1999969482, 42.2999992371, 45.70166638692835, 
12/11/2016 03, 45.5, 35.0999984741, 38.445000076298335, 
12/11/2016 04, 61.7000007629, 36.2000007629, 48.663333257036676, 
12/11/2016 05, 103.400001526, 49.2000007629, 66.67333329518334, 
12/11/2016 06, 187.5, 65.6999969482, 80.28666636149336, 
12/11/2016 07, 119.400001526, 85.9000015259, 100.04499982196998, 
12/11/2016 08, 109.099998474, 89.8000030518, 99.37333374026164, 
12/11/2016 09, 127.800003052, 72, 105.80333302812498, 
12/11/2016 10, 87, 64.5, 74.458333206175, 
12/11/2016 11, 69.5999984741, 54, 58.948333231599996, 
12/11/2016 12, 60.7999992371, 29.6000003815, 43.326666863759996, 
12/11/2016 13, 58.2000007629, 27.3999996185, 39.02666676839335, 
12/11/2016 14, 53.5, 19.1000003815, 27.713333415985005, 
12/11/2016 15, 63.2999992371, 21.8999996185, 28.72542371587797, 
12/11/2016 16, 68.5, 26.3999996185, 33.94333337147165, 
12/11/2016 17, 61.2000007629, 30.6000003815, 39.029999955493324, 
12/11/2016 18, 92.3000030518, 48.9000015259, 64.74666665395168, 
12/11/2016 19, 106.300003052, 71.9000015259, 85.91499964396, 
12/11/2016 20, 101.599998474, 63.2000007629, 77.55166632333666, 
12/11/2016 21, 122.300003052, 67.9000015259, 80.28333307902, 
12/11/2016 22, 97.4000015259, 69.5, 80.29166730245834, 
12/11/2016 23, 89.6999969482, 71, 81.57499999999999, 
12/12/2016 00, 77, 50.5, 62.56833356222, 
12/12/2016 01, 81.6999969482, 45.5999984741, 54.71666666666, 
12/12/2016 02, 67.3000030518, 42.2000007629, 47.383333460489986, 
12/12/2016 03, 85.5999984741, 48.4000015259, 65.41333306630332, 
12/12/2016 04, 77.6999969482, 46.2000007629, 54.811666806538334, 
12/12/2016 05, 105.800003052, 44.5, 71.44333343506169, 
12/12/2016 06, 142.600006104, 86.5, 100.931666564945, 
12/12/2016 07, 135.399993896, 94.9000015259, 110.07333374026165, 
12/12/2016 08, 172.100006104, 96.0999984741, 105.62499987283331, 
12/12/2016 09, 108.800003052, 78.5999984741, 90.06000035605001, 
12/12/2016 10, 87.8000030518, 55.5999984741, 71.635000101725, 
12/12/2016 11, 79.4000015259, 23.5, 51.16333319346, 
12/12/2016 12, 55.5, 28.2000007629, 43.015000120799996, 
12/12/2016 13, 39.5, 23.2999992371, 30.086666584019994, 
12/12/2016 14, 54.7999992371, 22, 28.133333365128333, 
12/12/2016 15, 67.0999984741, 21.8999996185, 32.978333187103324, 
12/12/2016 16, 58.5, 22.6000003815, 27.84333353042499, 
12/12/2016 17, 39.4000015259, 25, 31.945000108085004, 
12/12/2016 18, 67.1999969482, 32.4000015259, 46.70508484920507, 
12/12/2016 19, 108.5, 55.4000015259, 71.28333339691332, 
12/12/2016 20, 117.199996948, 74, 90.60833346048831, 
12/12/2016 21, 100.099998474, 74.8000030518, 85.27166722616163, 
12/12/2016 22, 78.6999969482, 53.4000015259, 62.44499988555499, 
12/12/2016 23, 65.0999984741, 37.9000015259, 45.84000021617166, 
12/13/2016 00, 64, 31.8999996185, 43.39999984105167, 
12/13/2016 01, 46.7999992371, 31.6000003815, 37.223333390555005, 
12/13/2016 02, 61.9000015259, 41.2000007629, 49.443333371476676, 
12/13/2016 03, 59.7999992371, 39, 45.089999898273355, 
12/13/2016 04, 59.2999992371, 40, 46.458333333335005, 
12/13/2016 05, 136.300003052, 42.7999992371, 63.830000114455025, 
12/13/2016 06, 121.5, 69.8000030518, 97.86666679382333, 
12/13/2016 07, 106.800003052, 84.1999969482, 96.58499984740168, 
12/13/2016 08, 110.400001526, 84, 96.16666666665668, 
12/13/2016 09, 101.5, 78.8000030518, 83.85999984741004, 
12/13/2016 10, 90.1999969482, 47.7000007629, 72.00999972025335, 
12/13/2016 11, 53.7000007629, 33.4000015259, 45.781666692096664, 
12/13/2016 12, 52.2000007629, 21.6000003815, 32.040000089005005, 
12/13/2016 13, 43, 25, 32.604999955495, 
12/13/2016 14, 53.5, 26.5, 35.46833337148167, 
12/13/2016 15, 42.4000015259, 31.3999996185, 35.19499991735334, 
12/13/2016 16, 47.7000007629, 29.2000007629, 35.38499987919833, 
12/13/2016 17, 59, 34.5999984741, 43.91166674296166, 
12/13/2016 18, 84.6999969482, 41.5999984741, 53.373333358764995, 
12/13/2016 19, 121.300003052, 42.2000007629, 65.18833376567166, 
12/13/2016 20, 162.600006104, 67.9000015259, 86.64500045777994, 
12/13/2016 21, 84.9000015259, 64.9000015259, 73.12833302815332, 
12/13/2016 22, 69.5, 47.2000007629, 59.928333600361654, 
12/13/2016 23, 72.4000015259, 49.2999992371, 54.59666665395502, 
12/14/2016 00, 60.4000015259, 44.5999984741, 50.61166680654, 
12/14/2016 01, 70.1999969482, 41.2999992371, 45.35333296457668, 
12/14/2016 02, 47.5999984741, 40.4000015259, 43.39500033060665, 
12/14/2016 03, 49.5999984741, 38.5, 41.69166679382501, 
12/14/2016 04, 85.8000030518, 39.7000007629, 46.82999998728, 
12/14/2016 05, 61.7000007629, 45.0999984741, 53.10333321889667, 
12/14/2016 06, 125.900001526, 55.0999984741, 89.72666632334501, 
12/14/2016 07, 187, 69, 115.14333330790001, 
12/14/2016 08, 147.199996948, 97.5999984741, 116.96666641233506, 
12/14/2016 09, 96.3000030518, 61.5999984741, 83.41166648864504, 
12/14/2016 10, 81.8000030518, 56.7999992371, 69.35000031789333, 
12/14/2016 11, 69.3000030518, 42.5, 56.016666603095004, 
12/14/2016 12, 67.0999984741, 24.8999996185, 37.96166664758832, 
12/14/2016 13, 44.5, 25, 28.06333335241, 
12/14/2016 14, 35.5, 25.5, 28.44166669845167, 
12/14/2016 15, 33.4000015259, 24.5, 28.966666571305005, 
12/14/2016 16, 43.4000015259, 24, 32.28000011443832, 
12/14/2016 17, 54.7000007629, 28, 35.17499993642, 
12/14/2016 18, 58.4000015259, 34.7000007629, 41.01166667938, 
12/14/2016 19, 87.0999984741, 53.7000007629, 67.65333340963004, 
12/14/2016 20, 161.800003052, 61.5, 84.15833320618668, 
12/14/2016 21, 89.1999969482, 46.4000015259, 59.62500025431498, 
12/14/2016 22, 54.0999984741, 38.9000015259, 46.07333329518834, 
12/14/2016 23, 41.7999992371, 29, 35.58666674296, 
12/15/2016 00, 60.2999992371, 28.5, 33.64000008901, 
12/15/2016 01, 35.2000007629, 27.7999992371, 30.78833335239833, 
12/15/2016 02, 37.7999992371, 31.2000007629, 35.45499986012501, 
12/15/2016 03, 36.4000015259, 32.9000015259, 33.96999994913833, 
12/15/2016 04, 40.5999984741, 29.2000007629, 31.869999949133337, 
12/15/2016 05, 75.9000015259, 36.7999992371, 42.563333384198344, 
12/15/2016 06, 58.7000007629, 38.7000007629, 48.41833330790167, 
12/15/2016 07, 70.9000015259, 45.9000015259, 56.33666693369999, 
12/15/2016 08, 61, 42, 51.669999758396656, 
12/15/2016 09, 58.7000007629, 27.8999996185, 46.67166662216335, 
12/15/2016 10, 52.5, 23.7000007629, 30.064999961851665, 
12/15/2016 11, 40.0999984741, 25.7000007629, 30.225000000001664, 
12/15/2016 12, 44.7999992371, 24.2999992371, 29.099999999993326, 
12/15/2016 13, 51.7000007629, 21.6000003815, 28.114999930070006, 
12/15/2016 14, 76.8000030518, 17.8999996185, 26.716666730245, 
12/15/2016 15, 54.5, 18.6000003815, 27.094999917350005, 
12/15/2016 16, 53.2000007629, 26.7000007629, 35.41166655222501, 
12/15/2016 17, 47.9000015259, 28.8999996185, 37.97833325068167, 
12/15/2016 18, 50.5, 35, 40.87166665395, 
12/15/2016 19, 65.1999969482, 42.7999992371, 52.16666647593002, 
12/15/2016 20, 64.8000030518, 46.7999992371, 56.36499989828168, 
12/15/2016 21, 92.5999984741, 44.7000007629, 56.73666687011165, 
12/15/2016 22, 70.8000030518, 42.5, 52.200000063576674, 
12/15/2016 23, 51.2000007629, 38.5, 42.38666680653833, 
12/16/2016 00, 55.2000007629, 37.9000015259, 46.96333344777333, 
12/16/2016 01, 48.5, 34.9000015259, 40.09666684468333, 
12/16/2016 02, 48.7999992371, 35, 38.60333328247168, 
12/16/2016 03, 49, 35.0999984741, 41.31833318074499, 
12/16/2016 04, 84, 49.0999984741, 60.74333343505998, 
12/16/2016 05, 74.3000030518, 55.7999992371, 62.060000228883304, 
12/16/2016 06, 84.9000015259, 64.8000030518, 71.54833335876498, 
12/16/2016 07, 92.1999969482, 72.1999969482, 80.15333328246997, 
12/16/2016 08, 110.900001526, 85.0999984741, 95.25999997458499, 
12/16/2016 09, 111.300003052, 85.6999969482, 96.26833343505167, 
12/16/2016 10, 99.9000015259, 73.8000030518, 86.85999972025165, 
12/16/2016 11, 238.899993896, 50.9000015259, 75.91500008900502, 
12/16/2016 12, 51.2999992371, 20.2000007629, 37.45833326975834, 
12/16/2016 13, 24.7000007629, 12.6999998093, 19.34166673024667, 
12/16/2016 14, 102, 18.7999992371, 29.423333390556667, 
12/16/2016 15, 47.0999984741, 29.2999992371, 37.598333136234984, 
12/16/2016 16, 44.2000007629, 26.7000007629, 33.899999999996666, 
12/16/2016 17, 48.0999984741, 29.2999992371, 37.91333347956501, 
12/16/2016 18, 70.3000030518, 37.5, 48.76833318074331, 
12/16/2016 19, 89.3000030518, 51.4000015259, 69.46833311716334, 
12/16/2016 20, 103.400001526, 65.8000030518, 78.170000203455, 
12/16/2016 21, 89, 56.2999992371, 73.65500030517998, 
12/16/2016 22, 78.5, 54.2999992371, 66.25999991099, 
12/16/2016 23, 62.2000007629, 34.4000015259, 46.56166661580499, 
12/17/2016 00, 51.0999984741, 35.5, 41.506666755681664, 
12/17/2016 01, 59.4000015259, 36.5, 42.495000012711664, 
12/17/2016 02, 54.2000007629, 36, 41.493333307905, 
12/17/2016 03, 44.2000007629, 29.8999996185, 35.581666437781664, 
12/17/2016 04, 47, 29.3999996185, 32.95833346048166, 
12/17/2016 05, 169.199996948, 36.2000007629, 54.03666661579002, 
12/17/2016 06, 77.5999984741, 42, 61.78500016530666, 
12/17/2016 07, 93.5999984741, 53.4000015259, 72.31166680654333, 
12/17/2016 08, 103.900001526, 75.1999969482, 85.24166615803169, 
12/17/2016 09, 82.0999984741, 61.2000007629, 73.01666615803333, 
12/17/2016 10, 79.1999969482, 67.0999984741, 71.66999982197831, 
12/17/2016 11, 68.5, 15.6999998093, 49.67333337466335, 
12/17/2016 12, 23.3999996185, 13.8000001907, 18.216666666666665, 
12/17/2016 13, 25.7000007629, 13.8000001907, 18.070000076291663, 
12/17/2016 14, 24.5, 13.5, 16.576666673025, 
12/17/2016 15, 25.5, 14.1000003815, 18.158333269756668, 
12/17/2016 16, 31.1000003815, 17.5, 23.294999980925, 
12/17/2016 17, 35, 22.6000003815, 27.193333339695, 
12/17/2016 18, 35.5999984741, 22.8999996185, 29.898333199818328, 
12/17/2016 19, 54.9000015259, 24.2000007629, 40.07333335876333, 
12/17/2016 20, 77.5, 47.4000015259, 58.18166643778, 
12/17/2016 21, 88, 59.0999984741, 64.92499987284, 
12/17/2016 22, 92.1999969482, 44.9000015259, 56.8933336257883, 
12/17/2016 23, 1576.5, 52.0999984741, 99.55833320617667, 
12/18/2016 00, 67.5, 49.2999992371, 55.611666615806676, 
12/18/2016 01, 74.1999969482, 44.2999992371, 52.81999982198335, 
12/18/2016 02, 69.9000015259, 36.2999992371, 43.146666844681654, 
12/18/2016 03, 77.5999984741, 38.7999992371, 48.17666645050669, 
12/18/2016 04, 46.2000007629, 33.5, 38.083333460488326, 
12/18/2016 05, 55.9000015259, 30.2999992371, 41.52333335876666, 
12/18/2016 06, 75.6999969482, 45.0999984741, 59.575000127156656, 
12/18/2016 07, 77.5, 52.5999984741, 60.05666662851833, 
12/18/2016 08, 105.400001526, 66.4000015259, 88.46000010173, 
12/18/2016 09, 89.6999969482, 58.2000007629, 75.04499988555669, 
12/18/2016 10, 57.2000007629, 46.5999984741, 51.031666692098334, 
12/18/2016 11, 57.4000015259, 22.5, 43.77499984105167, 
12/18/2016 12, 46.2999992371, 21.8999996185, 36.86666653951334, 
12/18/2016 13, 33.9000015259, 18, 24.068333339691666, 
12/18/2016 14, 26.6000003815, 14.1000003815, 16.946666701636662, 
12/18/2016 15, 30.5, 14, 18.256666660313336, 
12/18/2016 16, 29.2999992371, 15.3999996185, 20.548333263398334, 
12/18/2016 17, 42.0999984741, 18.8999996185, 24.888333225253337, 
12/18/2016 18, 48.9000015259, 25.8999996185, 34.31166667938501, 
12/18/2016 19, 72.9000015259, 41.4000015259, 52.65166689555665, 
12/18/2016 20, 87.4000015259, 56.9000015259, 67.46333357493499, 
12/18/2016 21, 71.9000015259, 48.4000015259, 59.99333330789831, 
12/18/2016 22, 71.6999969482, 46.9000015259, 60.26166623432835, 
12/18/2016 23, 51.7000007629, 41.7999992371, 47.09666671752833, 
12/19/2016 00, 45.5999984741, 33.5999984741, 38.43833325704667, 
12/19/2016 01, 38.0999984741, 31.8999996185, 35.20500001907166, 
12/19/2016 02, 32.9000015259, 29.7000007629, 31.141666412355004, 
12/19/2016 03, 34.2000007629, 27.7999992371, 29.85999994277501, 
12/19/2016 04, 77.6999969482, 25, 34.091666539513334, 
12/19/2016 05, 56.2999992371, 34.2000007629, 44.406666755676675, 
12/19/2016 06, 64.0999984741, 41, 50.72833328247168, 
12/19/2016 07, 73.6999969482, 50.7999992371, 59.118333307898325, 
12/19/2016 08, 69.3000030518, 51.7000007629, 59.763333447778315, 
12/19/2016 09, 61.5, 46.4000015259, 52.90500011444166, 
12/19/2016 10, 65.1999969482, 56.2999992371, 60.576666577655004, 
12/19/2016 11, 64.6999969482, 35.4000015259, 53.089999961858325, 
12/19/2016 12, 38.4000015259, 24.2999992371, 29.385000006356666, 
12/19/2016 13, 28.2000007629, 11.1999998093, 18.421666638065, 
12/19/2016 14, 17.2000007629, 10.3000001907, 12.770000012715, 
12/19/2016 15, 21.2999992371, 10.8999996185, 15.314999961855001, 
12/19/2016 16, 22.3999996185, 14.8999996185, 18.214999977743336, 
12/19/2016 17, 33.4000015259, 15.6000003815, 22.171666717531664, 
12/19/2016 18, 30.2000007629, 19.2999992371, 23.57833331426667, 
12/19/2016 19, 82.4000015259, 19.7000007629, 32.051666545861664, 
12/19/2016 20, 69.0999984741, 38.0999984741, 49.96000003814666, 
12/19/2016 21, 68.0999984741, 46.2000007629, 53.618333244320006, 
12/19/2016 22, 72.9000015259, 46.5999984741, 51.55166676839334, 
12/19/2016 23, 68.5999984741, 41.0999984741, 48.098333549494996, 
12/20/2016 00, 52.5999984741, 27.8999996185, 35.931666501358336, 
12/20/2016 01, 53, 27.1000003815, 34.95000003178833, 
12/20/2016 02, 39, 28.1000003815, 30.96333322525501, 
12/20/2016 03, 60.4000015259, 24, 29.96500005721667, 
12/20/2016 04, 29.2000007629, 20.2999992371, 22.65666656494166, 
12/20/2016 05, 42.2999992371, 22.3999996185, 31.558333301545005, 
12/20/2016 06, 63.2999992371, 31.2999992371, 49.57333354950332, 
12/20/2016 07, 81.6999969482, 46.7999992371, 57.958333079016676, 
12/20/2016 08, 124.099998474, 78.5, 105.7616668701183, 
12/20/2016 09, 186.399993896, 75.1999969482, 98.77833302814, 
12/20/2016 10, 73.5999984741, 43.4000015259, 57.78333314259335, 
12/20/2016 11, 52.2000007629, 16.5, 27.14833326339667, 
12/20/2016 12, 38, 20.2999992371, 25.525000031786664, 
12/20/2016 13, 33, 23.2999992371, 27.969999821990008, 
12/20/2016 14, 34.4000015259, 17.2999992371, 23.83500010172501, 
12/20/2016 15, 40, 20.1000003815, 30.708333460484997, 
12/20/2016 16, 46, 26.5, 33.35500005086, 
12/20/2016 17, 49.7000007629, 29.7000007629, 37.39499991735001, 
12/20/2016 18, 47.2000007629, 31.1000003815, 40.071666940060005, 
12/20/2016 19, 73.0999984741, 38.2000007629, 52.78666655222499, 
12/20/2016 20, 111.400001526, 50, 58.41833356221832, 
12/20/2016 21, 72.0999984741, 57.5, 63.20999978383837, 
12/20/2016 22, 66.5, 55.5999984741, 61.44814766777407, 
12/20/2016 23, 62, 44.5, 50.96166674296333, 
12/21/2016 00, 46, 38.2999992371, 41.87833315531, 
12/21/2016 01, 57.5, 40.5999984741, 43.678333346051666, 
12/21/2016 02, 50.7000007629, 36.0999984741, 43.751666386911666, 
12/21/2016 03, 62.7999992371, 37.2999992371, 44.25000012716167, 
12/21/2016 04, 59.0999984741, 25.8999996185, 34.388333352403315, 
12/21/2016 05, 59.0999984741, 26.1000003815, 32.98333333333333, 
12/21/2016 06, 58.7000007629, 34.7999992371, 44.80833358765166, 
12/21/2016 07, 62.7999992371, 40.4000015259, 49.39000008901667, 
12/21/2016 08, 75.5999984741, 40.7000007629, 57.5599996566817, 
12/21/2016 09, 60.2000007629, 48.9000015259, 54.78999977111334, 
12/21/2016 10, 62.2999992371, 39.7999992371, 50.49499994913333, 
12/21/2016 11, 51.2999992371, 22.5, 35.27666651407665, 
12/21/2016 12, 32.7000007629, 19.2999992371, 26.940000025431665, 
12/21/2016 13, 34, 21, 24.786666647598334, 
12/21/2016 14, 35.5999984741, 20.1000003815, 25.319999949143334, 
12/21/2016 15, 52.7000007629, 21.7999992371, 27.798333326974994, 
12/21/2016 16, 63.7000007629, 35.2000007629, 47.206666564941656, 
12/21/2016 17, 57.5, 32.2000007629, 41.58499991098834, 
12/21/2016 18, 55, 37.2000007629, 47.268333435055006, 
12/21/2016 19, 56.5, 38.5999984741, 45.74499975840668, 
12/21/2016 20, 58.2000007629, 41.9000015259, 50.579999987281674, 
12/21/2016 21, 59.4000015259, 47.7999992371, 52.95833320618001, 
12/21/2016 22, 53.4000015259, 39.4000015259, 46.123333358765, 
12/21/2016 23, 58.5, 30.2000007629, 47.14166666666833, 
12/22/2016 00, 32.7000007629, 24.2999992371, 28.751666673021656, 
12/22/2016 01, 34.2999992371, 22.3999996185, 27.61666657129833, 
12/22/2016 02, 49.2000007629, 22.1000003815, 24.154999955496656, 
12/22/2016 03, 23.6000003815, 19.7000007629, 21.460000038145004, 
12/22/2016 04, 51.7999992371, 20.7000007629, 31.073333454135, 
12/22/2016 05, 30.6000003815, 23.7000007629, 25.323333295186668, 
12/22/2016 06, 62.0999984741, 27.8999996185, 40.431666596730004, 
12/22/2016 07, 75.4000015259, 35.9000015259, 59.368333371475, 
12/22/2016 08, 73.4000015259, 49, 63.054999923708344, 
12/22/2016 09, 59.7999992371, 31.2000007629, 50.488333193455006, 
12/22/2016 10, 45.7000007629, 31.7000007629, 39.606666692100006, 
12/22/2016 11, 54.7000007629, 35.5, 43.295000076295004, 
12/22/2016 12, 109.800003052, 20.6000003815, 30.781666787475, 
12/22/2016 13, 29.2999992371, 17, 21.630000019073332, 
12/22/2016 14, 42.7000007629, 16.2999992371, 24.430508597425423, 
12/22/2016 15, 39.5999984741, 22.7000007629, 27.999999841056667, 
12/22/2016 16, 39.7000007629, 25.1000003815, 29.59666655858166, 
12/22/2016 17, 38.7000007629, 24, 30.925000063573332, 
12/22/2016 18, 41.5, 24, 32.20166664123833, 
12/22/2016 19, 65.5999984741, 32.7000007629, 39.94499975840166, 
12/22/2016 20, 69, 44.0999984741, 51.459999847413336, 
12/22/2016 21, 82.9000015259, 35.7000007629, 44.14833304087501, 
12/22/2016 22, 37.5, 23.3999996185, 28.339999993648338, 
12/22/2016 23, 30.2000007629, 23, 25.48500010171833, 
12/23/2016 00, 33.2999992371, 25.7999992371, 27.966666634878337, 
12/23/2016 01, 43.5, 23.1000003815, 25.71333332062, 
12/23/2016 02, 26.8999996185, 19.6000003815, 22.028333473203325, 
12/23/2016 03, 27.7999992371, 19.7999992371, 22.846666781108336, 
12/23/2016 04, 25.7999992371, 21.2000007629, 23.15999997456167, 
12/23/2016 05, 38.5, 24.7000007629, 30.756666755673333, 
12/23/2016 06, 64.5999984741, 37, 44.00333340962499, 
12/23/2016 07, 77.1999969482, 49, 60.69833310445332, 
12/23/2016 08, 95.0999984741, 60.7999992371, 80.26666647593001, 
12/23/2016 09, 76.0999984741, 51.5, 65.61166661580333, 
12/23/2016 10, 81.9000015259, 57.5999984741, 68.76500027975, 
12/23/2016 11, 75.5999984741, 49.9000015259, 61.566666666665014, 
12/23/2016 12, 61.7999992371, 15, 38.716666666671664, 
12/23/2016 13, 64.6999969482, 11.5, 22.778333266580002, 
12/23/2016 14, 23.7999992371, -999, -187.48000005086166, 
12/23/2016 15, 291, -999, -268.971666781115, 
12/23/2016 16, 41, 26.1000003815, 32.323333168023325, 
12/23/2016 17, 66.9000015259, 32.5999984741, 41.971666844681664, 
12/23/2016 18, 87.8000030518, 61.2000007629, 68.811666425065, 
12/23/2016 19, 123.199996948, 60.2999992371, 89.04166647592498, 
12/23/2016 20, 118.699996948, 95.0999984741, 103.74333381654834, 
12/23/2016 21, 141.399993896, 96.5, 123.01833407089666, 
12/23/2016 22, 99.5, 59.5, 74.23999989827331, 
12/23/2016 23, 83.3000030518, 54.7000007629, 59.98166675567165, 
12/24/2016 00, 61.5, 43.7999992371, 53.20333347320834, 
12/24/2016 01, 57.2000007629, 43.2999992371, 48.78499997457166, 
12/24/2016 02, 71.6999969482, 41.0999984741, 51.80666656493831, 
12/24/2016 03, 77.1999969482, 45.2000007629, 58.791666603085005, 
12/24/2016 04, 62.9000015259, 43.5999984741, 47.88166688282998, 
12/24/2016 05, 88.1999969482, 48.2000007629, 64.4068183031909, 
12/24/2016 06, 191.899993896, 92.1999969482, 120.54333318074166, 
12/24/2016 07, 137.899993896, 109.300003052, 122.19666735336665, 
12/24/2016 08, 139.399993896, 93.3000030518, 117.67499949134002, 
12/24/2016 09, 124, 102.400001526, 110.53666648863332, 
12/24/2016 10, 128.399993896, 73.8000030518, 101.59666659035663, 
12/24/2016 11, 73.4000015259, 41, 52.961666997274975, 
12/24/2016 12, 47.0999984741, 31.6000003815, 39.67999982833667, 
12/24/2016 13, 37.9000015259, 21.8999996185, 27.006666692093333, 
12/24/2016 14, 32.2999992371, 26.7000007629, 29.301666673024997, 
12/24/2016 15, 31.2000007629, 27, 29.06333335241, 
12/24/2016 16, 41.9000015259, 29.3999996185, 34.99166676203, 
12/24/2016 17, 60.7000007629, 37.2000007629, 46.14333330789832, 
12/24/2016 18, 70.0999984741, 49.2999992371, 55.03166675567501, 
12/24/2016 19, 120.099998474, 73, 92.18166694642997, 
12/24/2016 20, 144.100006104, 103.400001526, 127.30999933873332, 
12/24/2016 21, 116.300003052, 82.4000015259, 103.85333340963334, 
12/24/2016 22, 93.5999984741, 79.6999969482, 85.14833323160671, 
12/24/2016 23, 88.9000015259, 54.2999992371, 72.7999998092633, 
12/25/2016 00, 70, 53, 61.334999974565, 
12/25/2016 01, 72.4000015259, 60.5, 65.51166655222832, 
12/25/2016 02, 81.8000030518, 59.5, 69.37499955495, 
12/25/2016 03, 64.8000030518, 54.5, 56.85833346048664, 
12/25/2016 04, 120.099998474, 67.9000015259, 90.79600021362802, 
12/25/2016 05, 132.399993896, 88.1999969482, 105.75999997457001, 
12/25/2016 06, 138.5, 88.5, 108.21499900811834, 
12/25/2016 07, 110.900001526, 88, 97.61833305357499, 
12/25/2016 08, 124.699996948, 88.0999984741, 113.17333335876837, 
12/25/2016 09, 114, 98.6999969482, 106.68085041447871, 
12/25/2016 10, 116.300003052, 55.0999984741, 90.26499983470333, 
12/25/2016 11, 53.2000007629, 21.6000003815, 33.921666908259986, 
12/25/2016 12, 31, 22.7999992371, 26.751666545875008, 
12/25/2016 13, 31.6000003815, 22.2999992371, 25.02166671753166, 
12/25/2016 14, 27.3999996185, 20, 24.438333225256674, 
12/25/2016 15, 37.2000007629, 22.1000003815, 29.064999898273335, 
12/25/2016 16, 52.4000015259, 37.2999992371, 44.155000178014994, 
12/25/2016 17, 62.9000015259, 43.2999992371, 51.945000076298335, 
12/25/2016 18, 56.9000015259, 41.5, 48.871666526791685, 
12/25/2016 19, 75.9000015259, 49.0999984741, 60.24833335876502, 
12/25/2016 20, 72.9000015259, 61.5, 66.888332684825, 
12/25/2016 21, 77, 56.2000007629, 62.84666684468834, 
12/25/2016 22, 72.5, 57.2000007629, 63.389999834689995, 
12/25/2016 23, 78.1999969482, 52.5, 61.89666690827003, 
12/26/2016 00, 59.9000015259, 40.7000007629, 47.421666653951675, 
12/26/2016 01, 52.7999992371, 39.7999992371, 42.33833363851333, 
12/26/2016 02, 46.5999984741, 41.9000015259, 43.70166664123501, 
12/26/2016 03, 53.9000015259, 46.9000015259, 51.04807699643269, 
12/26/2016 04, 55.5999984741, 48.9000015259, 52.11666695277501, 
12/26/2016 05, 78.5999984741, 52.5, 66.30333340962834, 
12/26/2016 06, 149.100006104, 75.3000030518, 116.81333325701502, 
12/26/2016 07, 135.899993896, 108, 117.77499961849999, 
12/26/2016 08, 134.5, 85.1999969482, 111.62499987284171, 
12/26/2016 09, 87, 59.5999984741, 71.019999885555, 
12/26/2016 10, 78.1999969482, 58.9000015259, 68.57166659037335, 
12/26/2016 11, 77.6999969482, 60.2999992371, 70.94499963124167, 
12/26/2016 12, 64.4000015259, 34.2999992371, 45.46833337148001, 
12/26/2016 13, 41.7999992371, 35, 37.12166671753334, 
12/26/2016 14, 43.2000007629, 36.4000015259, 38.49347811159565, 
12/26/2016 15, 55.2999992371, 40.2000007629, 45.76333344777833, 
12/26/2016 16, 49.2000007629, 43.7000007629, 46.41166674296333, 
12/26/2016 17, 59.2999992371, 46.0999984741, 52.704999987285, 
12/26/2016 18, 65.6999969482, 55.7000007629, 59.561666552225006, 
12/26/2016 19, 109.699996948, 63.5, 87.5977778116778, 
12/26/2016 20, 148.899993896, 81.9000015259, 109.00666656494445, 
12/26/2016 21, 152.300003052, 106.800003052, 131.29230822053847, 
12/26/2016 22, 138.100006104, 94.0999984741, 109.70166714988004, 
12/26/2016 23, 145.699996948, 75.6999969482, 112.20000015261002, 
12/27/2016 00, 108.199996948, 78.0999984741, 95.4862068439362, 
12/27/2016 01, 95, 84.5, 87.02833340962833, 
12/27/2016 02, 95.1999969482, 68.5, 81.73166732788997, 
12/27/2016 03, 82.9000015259, 70.0999984741, 75.26428513299048, 
12/27/2016 04, 103.5, 67.9000015259, 79.53166656493667, 
12/27/2016 05, 116.900001526, 88.0999984741, 94.24363597522725, 
12/27/2016 06, 146.399993896, 97.0999984741, 115.85333340964, 
12/27/2016 07, 165.300003052, 135.300003052, 143.7399993896, 
12/27/2016 08, 164.600006104, 143.5, 149.1699999491334, 
12/27/2016 09, 155.899993896, 108.099998474, 134.57166633603336, 
12/27/2016 10, 108.300003052, 87.5, 95.71666641235669, 
12/27/2016 11, 92.6999969482, 49.2999992371, 75.05714330868369, 
12/27/2016 12, 56.2000007629, 35.7000007629, 47.08833325703668, 
12/27/2016 13, 49.2000007629, 33.4000015259, 42.68333326975833, 
12/27/2016 14, 34, 26.5, 30.023333326973333, 
12/27/2016 15, 43.0999984741, 27.8999996185, 33.818333053584986, 
12/27/2016 16, 53.4000015259, 40.0999984741, 45.81166661580001, 
12/27/2016 17, 68.3000030518, 47.2000007629, 55.95499992370165, 
12/27/2016 18, 88.4000015259, 58.4000015259, 73.97333386739834, 
12/27/2016 19, 133.199996948, 97.5, 116.61702078957445, 
12/27/2016 20, 164.699996948, 121.300003052, 143.30666643776664, 
12/27/2016 21, 129.5, 92.0999984741, 112.39000002543335, 
12/27/2016 22, 120.599998474, 91.1999969482, 99.44464274815712, 
12/27/2016 23, 77.0999984741, 61.2999992371, 65.82592596831297, 
12/28/2016 00, 66.9000015259, 59.7000007629, 62.35384625655001, 
12/28/2016 01, 80.3000030518, 64.1999969482, 71.00499992370501, 
12/28/2016 02, 89, 65.0999984741, 77.56500002543166, 
12/28/2016 03, 83, 65.5999984741, 75.626666641235, 
12/28/2016 04, 97.4000015259, 64.6999969482, 77.73999964395665, 
12/28/2016 05, 97.5999984741, 83.8000030518, 89.82333323160665, 
12/28/2016 06, 126.900001526, 82.6999969482, 105.00833346049832, 
12/28/2016 07, 224.699996948, 109.400001526, 132.80333353679998, 
12/28/2016 08, 151.399993896, 137.600006104, 146.3333333333333, 
12/28/2016 09, 153.399993896, 122.300003052, 135.0566666921, 
12/28/2016 10, 122.400001526, 82.8000030518, 97.9859652602965, 
12/28/2016 11, 84.4000015259, 49.4000015259, 63.58461592748461, 
12/28/2016 12, 49.5, 41.5, 44.890625357631244, 
12/28/2016 13, 44.2000007629, 26.5, 31.99166666666834, 
12/28/2016 14, 60.4000015259, 26.8999996185, 37.47333310444666, 
12/28/2016 15, 267.399993896, 39.5, 94.31372526577057, 
12/28/2016 16, 158.800003052, 47.5999984741, 66.63636335892366, 
12/28/2016 17, 69.8000030518, 48.9000015259, 55.75500005086331, 
12/28/2016 18, 99.3000030518, 69.0999984741, 80.69666709900498, 
12/28/2016 19, 114.400001526, 90.6999969482, 99.2633335113483, 
12/28/2016 20, 128, 93.6999969482, 111.44499994913333, 
12/28/2016 21, 116.300003052, 92.3000030518, 98.35500017803169, 
12/28/2016 22, 123.800003052, 108.300003052, 114.19666697186668, 
12/28/2016 23, 125.699996948, 96.9000015259, 110.11499989826835, 
12/29/2016 00, 119.5, 80.4000015259, 95.19000002540166, 
12/29/2016 01, 82.0999984741, 71.4000015259, 77.34166641235001, 
12/29/2016 02, 80.9000015259, 70.0999984741, 75.38833312988002, 
12/29/2016 03, 77.6999969482, 70, 73.663332748405, 
12/29/2016 04, 80.5, 67.5, 74.1818180431, 
12/29/2016 05, 86.4000015259, 75.6999969482, 81.86666733180257, 
12/29/2016 06, 126, 80.5999984741, 108.42333285011667, 
12/29/2016 07, 137.899993896, 107.099998474, 119.2283334096333, 
12/29/2016 08, 163.199996948, 105.099998474, 126.23499959306668, 
12/29/2016 09, 146.600006104, 135, 139.4385962235088, 
12/29/2016 10, 144.800003052, 116.5, 130.33913056747826, 
12/29/2016 11, 116.900001526, 70.6999969482, 93.54000015260166, 
12/29/2016 12, 71.1999969482, 41.7999992371, 52.12000020344999, 
12/29/2016 13, 46.5, 40.5, 43.195000012715006, 
12/29/2016 14, 50.9000015259, 40.0999984741, 47.591666857404995, 
12/29/2016 15, 54.0999984741, 45.2000007629, 48.328333409626666, 
12/29/2016 16, 83.1999969482, 46.9000015259, 50.019999885554995, 
12/29/2016 17, 62.4000015259, 48.5999984741, 53.87333329518333, 
12/29/2016 18, 79.1999969482, 55.9000015259, 68.76440701242205, 
12/29/2016 19, 108.5, 63.7999992371, 89.87333316803667, 
12/29/2016 20, 148.199996948, 102.599998474, 123.86833343506666, 
12/29/2016 21, 170.399993896, 137.5, 151.96333338419996, 
12/29/2016 22, 170.199996948, 153.899993896, 160.37333348593333, 
12/29/2016 23, 177.5, 144.899993896, 163.70000101733334, 
12/30/2016 00, 163, 127.599998474, 145.99000002543335, 
12/30/2016 01, 128.199996948, 81.8000030518, 100.053333155305, 
12/30/2016 02, 117.300003052, 81.9000015259, 98.23833338420665, 
12/30/2016 03, 110.5, 85.8000030518, 97.32333386741666, 
12/30/2016 04, 104.300003052, 83, 92.466667048145, 
12/30/2016 05, 104.099998474, 92.6999969482, 97.29166641234666, 
12/30/2016 06, 158.399993896, 103.199996948, 131.17499987283333, 
12/30/2016 07, 183.5, 144.300003052, 158.96166661580003, 
12/30/2016 08, 218.399993896, 177, 192.9483332316, 
12/30/2016 09, 193, 135.100006104, 160.52333374026662, 
12/30/2016 10, 140.5, 111.400001526, 128.62500025433332, 
12/30/2016 11, 109.5, 64.9000015259, 89.52166646321666, 
12/30/2016 12, 63.5999984741, 36.2999992371, 44.196666653956676, 
12/30/2016 13, 38.2000007629, 28.7999992371, 32.88333330155001, 
12/30/2016 14, 52.5, 33.2000007629, 42.944999949134996, 
12/30/2016 15, 45.2999992371, 40.0999984741, 42.08333352407166, 
12/30/2016 16, 52.0999984741, 42, 46.80166664123501, 
12/30/2016 17, 51, 42, 46.69666665395169, 
12/30/2016 18, 59.5999984741, 44.9000015259, 49.53666655222165, 
12/30/2016 19, 139.699996948, 50.0999984741, 72.53333288828001, 
12/30/2016 20, 159, 96.8000030518, 123.32666702272331, 
12/30/2016 21, 193.800003052, 116.400001526, 160.5216665903667, 
12/30/2016 22, 190.600006104, 120.5, 167.63333403764105, 
12/30/2016 23, 140.600006104, 78, 111.2118644067864, 
